[{"model": "admin.logentry", "pk": 1, "fields": {"action_time": "2021-07-15T12:54:43.248Z", "user": 1, "content_type": 6, "object_id": "7", "object_repr": "127.0.0.1", "action_flag": 1, "change_message": "[{\"added\": {}}]"}}, {"model": "admin.logentry", "pk": 2, "fields": {"action_time": "2021-07-15T13:06:37.643Z", "user": 1, "content_type": 7, "object_id": "1", "object_repr": "Agile449", "action_flag": 2, "change_message": "[]"}}, {"model": "admin.logentry", "pk": 3, "fields": {"action_time": "2021-07-15T13:12:07.530Z", "user": 1, "content_type": 8, "object_id": "31b2b178-68b6-4d5d-8fb9-1e1fc9b7eb32", "object_repr": "GitHub признался, что использовал весь публичный код для обучения Copilot без учёта типа лицензии Мобильная разработка", "action_flag": 1, "change_message": "[{\"added\": {}}]"}}, {"model": "admin.logentry", "pk": 4, "fields": {"action_time": "2021-07-15T13:12:51.147Z", "user": 1, "content_type": 8, "object_id": "31b2b178-68b6-4d5d-8fb9-1e1fc9b7eb32", "object_repr": "GitHub признался, что использовал весь публичный код для обучения Copilot без учёта типа лицензии Мобильная разработка", "action_flag": 2, "change_message": "[{\"changed\": {\"fields\": [\"Short description\", \"Is draft\", \"Is published\"]}}]"}}, {"model": "admin.logentry", "pk": 5, "fields": {"action_time": "2021-07-15T16:51:28.038Z", "user": 1, "content_type": 7, "object_id": "4", "object_repr": "tyrrannt", "action_flag": 1, "change_message": "[{\"added\": {}}]"}}, {"model": "admin.logentry", "pk": 6, "fields": {"action_time": "2021-07-15T17:17:04.870Z", "user": 1, "content_type": 7, "object_id": "5", "object_repr": "raider92", "action_flag": 2, "change_message": "[{\"changed\": {\"fields\": [\"Staff status\"]}}]"}}, {"model": "auth.permission", "pk": 1, "fields": {"name": "Can add log entry", "content_type": 1, "codename": "add_logentry"}}, {"model": "auth.permission", "pk": 2, "fields": {"name": "Can change log entry", "content_type": 1, "codename": "change_logentry"}}, {"model": "auth.permission", "pk": 3, "fields": {"name": "Can delete log entry", "content_type": 1, "codename": "delete_logentry"}}, {"model": "auth.permission", "pk": 4, "fields": {"name": "Can view log entry", "content_type": 1, "codename": "view_logentry"}}, {"model": "auth.permission", "pk": 5, "fields": {"name": "Can add permission", "content_type": 2, "codename": "add_permission"}}, {"model": "auth.permission", "pk": 6, "fields": {"name": "Can change permission", "content_type": 2, "codename": "change_permission"}}, {"model": "auth.permission", "pk": 7, "fields": {"name": "Can delete permission", "content_type": 2, "codename": "delete_permission"}}, {"model": "auth.permission", "pk": 8, "fields": {"name": "Can view permission", "content_type": 2, "codename": "view_permission"}}, {"model": "auth.permission", "pk": 9, "fields": {"name": "Can add group", "content_type": 3, "codename": "add_group"}}, {"model": "auth.permission", "pk": 10, "fields": {"name": "Can change group", "content_type": 3, "codename": "change_group"}}, {"model": "auth.permission", "pk": 11, "fields": {"name": "Can delete group", "content_type": 3, "codename": "delete_group"}}, {"model": "auth.permission", "pk": 12, "fields": {"name": "Can view group", "content_type": 3, "codename": "view_group"}}, {"model": "auth.permission", "pk": 13, "fields": {"name": "Can add content type", "content_type": 4, "codename": "add_contenttype"}}, {"model": "auth.permission", "pk": 14, "fields": {"name": "Can change content type", "content_type": 4, "codename": "change_contenttype"}}, {"model": "auth.permission", "pk": 15, "fields": {"name": "Can delete content type", "content_type": 4, "codename": "delete_contenttype"}}, {"model": "auth.permission", "pk": 16, "fields": {"name": "Can view content type", "content_type": 4, "codename": "view_contenttype"}}, {"model": "auth.permission", "pk": 17, "fields": {"name": "Can add session", "content_type": 5, "codename": "add_session"}}, {"model": "auth.permission", "pk": 18, "fields": {"name": "Can change session", "content_type": 5, "codename": "change_session"}}, {"model": "auth.permission", "pk": 19, "fields": {"name": "Can delete session", "content_type": 5, "codename": "delete_session"}}, {"model": "auth.permission", "pk": 20, "fields": {"name": "Can view session", "content_type": 5, "codename": "view_session"}}, {"model": "auth.permission", "pk": 21, "fields": {"name": "Can add Блокировку по IP", "content_type": 6, "codename": "add_blockingbyip"}}, {"model": "auth.permission", "pk": 22, "fields": {"name": "Can change Блокировку по IP", "content_type": 6, "codename": "change_blockingbyip"}}, {"model": "auth.permission", "pk": 23, "fields": {"name": "Can delete Блокировку по IP", "content_type": 6, "codename": "delete_blockingbyip"}}, {"model": "auth.permission", "pk": 24, "fields": {"name": "Can view Блокировку по IP", "content_type": 6, "codename": "view_blockingbyip"}}, {"model": "auth.permission", "pk": 25, "fields": {"name": "Can add user", "content_type": 7, "codename": "add_geekhubuser"}}, {"model": "auth.permission", "pk": 26, "fields": {"name": "Can change user", "content_type": 7, "codename": "change_geekhubuser"}}, {"model": "auth.permission", "pk": 27, "fields": {"name": "Can delete user", "content_type": 7, "codename": "delete_geekhubuser"}}, {"model": "auth.permission", "pk": 28, "fields": {"name": "Can view user", "content_type": 7, "codename": "view_geekhubuser"}}, {"model": "auth.permission", "pk": 29, "fields": {"name": "Can add Статья", "content_type": 8, "codename": "add_article"}}, {"model": "auth.permission", "pk": 30, "fields": {"name": "Can change Статья", "content_type": 8, "codename": "change_article"}}, {"model": "auth.permission", "pk": 31, "fields": {"name": "Can delete Статья", "content_type": 8, "codename": "delete_article"}}, {"model": "auth.permission", "pk": 32, "fields": {"name": "Can view Статья", "content_type": 8, "codename": "view_article"}}, {"model": "auth.permission", "pk": 33, "fields": {"name": "Can add Хаб", "content_type": 9, "codename": "add_hub"}}, {"model": "auth.permission", "pk": 34, "fields": {"name": "Can change Хаб", "content_type": 9, "codename": "change_hub"}}, {"model": "auth.permission", "pk": 35, "fields": {"name": "Can delete Хаб", "content_type": 9, "codename": "delete_hub"}}, {"model": "auth.permission", "pk": 36, "fields": {"name": "Can view Хаб", "content_type": 9, "codename": "view_hub"}}, {"model": "auth.permission", "pk": 37, "fields": {"name": "Can add Счетчик рейтинга", "content_type": 10, "codename": "add_ratingcount"}}, {"model": "auth.permission", "pk": 38, "fields": {"name": "Can change Счетчик рейтинга", "content_type": 10, "codename": "change_ratingcount"}}, {"model": "auth.permission", "pk": 39, "fields": {"name": "Can delete Счетчик рейтинга", "content_type": 10, "codename": "delete_ratingcount"}}, {"model": "auth.permission", "pk": 40, "fields": {"name": "Can view Счетчик рейтинга", "content_type": 10, "codename": "view_ratingcount"}}, {"model": "auth.permission", "pk": 41, "fields": {"name": "Can add Комментарий", "content_type": 11, "codename": "add_commentsbranch"}}, {"model": "auth.permission", "pk": 42, "fields": {"name": "Can change Комментарий", "content_type": 11, "codename": "change_commentsbranch"}}, {"model": "auth.permission", "pk": 43, "fields": {"name": "Can delete Комментарий", "content_type": 11, "codename": "delete_commentsbranch"}}, {"model": "auth.permission", "pk": 44, "fields": {"name": "Can view Комментарий", "content_type": 11, "codename": "view_commentsbranch"}}, {"model": "auth.permission", "pk": 45, "fields": {"name": "Can add Уведомление", "content_type": 12, "codename": "add_notification"}}, {"model": "auth.permission", "pk": 46, "fields": {"name": "Can change Уведомление", "content_type": 12, "codename": "change_notification"}}, {"model": "auth.permission", "pk": 47, "fields": {"name": "Can delete Уведомление", "content_type": 12, "codename": "delete_notification"}}, {"model": "auth.permission", "pk": 48, "fields": {"name": "Can view Уведомление", "content_type": 12, "codename": "view_notification"}}, {"model": "contenttypes.contenttype", "pk": 1, "fields": {"app_label": "admin", "model": "logentry"}}, {"model": "contenttypes.contenttype", "pk": 2, "fields": {"app_label": "auth", "model": "permission"}}, {"model": "contenttypes.contenttype", "pk": 3, "fields": {"app_label": "auth", "model": "group"}}, {"model": "contenttypes.contenttype", "pk": 4, "fields": {"app_label": "contenttypes", "model": "contenttype"}}, {"model": "contenttypes.contenttype", "pk": 5, "fields": {"app_label": "sessions", "model": "session"}}, {"model": "contenttypes.contenttype", "pk": 6, "fields": {"app_label": "usersapp", "model": "blockingbyip"}}, {"model": "contenttypes.contenttype", "pk": 7, "fields": {"app_label": "usersapp", "model": "geekhubuser"}}, {"model": "contenttypes.contenttype", "pk": 8, "fields": {"app_label": "mainapp", "model": "article"}}, {"model": "contenttypes.contenttype", "pk": 9, "fields": {"app_label": "mainapp", "model": "hub"}}, {"model": "contenttypes.contenttype", "pk": 10, "fields": {"app_label": "ratingsapp", "model": "ratingcount"}}, {"model": "contenttypes.contenttype", "pk": 11, "fields": {"app_label": "commentsapp", "model": "commentsbranch"}}, {"model": "contenttypes.contenttype", "pk": 12, "fields": {"app_label": "notifyapp", "model": "notification"}}, {"model": "sessions.session", "pk": "04gxr2m0hspdjadpbjh6h9bfx791neuy", "fields": {"session_data": ".eJxVjMsOwiAQRf-FtSE8LGVcuu83kGEYpGogKe3K-O_apAvd3nPOfYmA21rC1nkJcxIXocXpd4tID647SHestyap1XWZo9wVedAup5b4eT3cv4OCvXxrg2rIYMCPZyZtWYNG8JS9cgp9dMOoLUAiNGyzA3BZJUqM1jOR4kG8P9HjOBc:1m40kN:oGktZdYjSb8EsVbSN4jMYFBbDthSKi2HxXHXfJ7dG_o", "expire_date": "2021-07-29T12:45:47.144Z"}}, {"model": "sessions.session", "pk": "151ammhdp6tyo6hqmi1br1bcnx75qav4", "fields": {"session_data": ".eJxVjMsOwiAQRf-FtSE8LGVcuu83kGEYpGogKe3K-O_apAvd3nPOfYmA21rC1nkJcxIXocXpd4tID647SHestyap1XWZo9wVedAup5b4eT3cv4OCvXxrg2rIYMCPZyZtWYNG8JS9cgp9dMOoLUAiNGyzA3BZJUqM1jOR4kG8P9HjOBc:1m40oH:6Bby7KUeve71UKIBFrSXmQytwsm57YGeDz0qdyieKGs", "expire_date": "2021-07-29T12:49:49.149Z"}}, {"model": "sessions.session", "pk": "7iw7o0ot32eepo1al4nv86tr01vjw20x", "fields": {"session_data": ".eJxVjMsOwiAQRf-FtSE8LGVcuu83kGEYpGogKe3K-O_apAvd3nPOfYmA21rC1nkJcxIXocXpd4tID647SHestyap1XWZo9wVedAup5b4eT3cv4OCvXxrg2rIYMCPZyZtWYNG8JS9cgp9dMOoLUAiNGyzA3BZJUqM1jOR4kG8P9HjOBc:1m40gr:mKlUzhvFXCLBVoK4bU_4GTr8DR0pF-QTvNqGVZTZfkM", "expire_date": "2021-07-29T12:42:09.990Z"}}, {"model": "sessions.session", "pk": "acugdhg0mdj1g6fwaurb4kv810xf7ti4", "fields": {"session_data": ".eJxVjMsOwiAQRf-FtSE8LGVcuu83kGEYpGogKe3K-O_apAvd3nPOfYmA21rC1nkJcxIXocXpd4tID647SHestyap1XWZo9wVedAup5b4eT3cv4OCvXxrg2rIYMCPZyZtWYNG8JS9cgp9dMOoLUAiNGyzA3BZJUqM1jOR4kG8P9HjOBc:1m40iA:KwoyPWCnCFFin3b4OfNR6_qTehHyTd2n4aBHDNDDiDc", "expire_date": "2021-07-29T12:43:30.326Z"}}, {"model": "sessions.session", "pk": "b1abgnma2k31g2e27vugnk4brgd269b0", "fields": {"session_data": ".eJxVjMsOwiAQRf-FtSE8LGVcuu83kGEYpGogKe3K-O_apAvd3nPOfYmA21rC1nkJcxIXocXpd4tID647SHestyap1XWZo9wVedAup5b4eT3cv4OCvXxrg2rIYMCPZyZtWYNG8JS9cgp9dMOoLUAiNGyzA3BZJUqM1jOR4kG8P9HjOBc:1m4NKh:qboufpqGBNbCdUeolwTD-KT4lCxa4_dL86SoU9wZ218", "expire_date": "2021-07-30T12:52:47.000Z"}}, {"model": "sessions.session", "pk": "da8deuoozbd9mkf65xan79aqhblme0e5", "fields": {"session_data": ".eJxVjDsOwjAQBe_iGlnxdw0lPWewvN4NDiBbipMKcXcSKQW0M_PeW8S0LiWunec4kbgIL06_DFN-ct0FPVK9N5lbXeYJ5Z7Iw3Z5a8Sv69H-HZTUy7bWwSElYMSAMComS2DJgjq7YGGDOpkBybCz2qDS2aPLxmrwBobRsfh8AfbFN9M:1m44ka:3coYu7utk_OHAezLScTitUcugWEyP-OCRpXLOs8NksM", "expire_date": "2021-07-29T17:02:16.779Z"}}, {"model": "sessions.session", "pk": "gdj0ikd1cmxg225g2tbym1k1mqvi01xm", "fields": {"session_data": ".eJxVjMsOwiAQRf-FtSE8LGVcuu83kGEYpGogKe3K-O_apAvd3nPOfYmA21rC1nkJcxIXocXpd4tID647SHestyap1XWZo9wVedAup5b4eT3cv4OCvXxrg2rIYMCPZyZtWYNG8JS9cgp9dMOoLUAiNGyzA3BZJUqM1jOR4kG8P9HjOBc:1m40zH:hTyt6omW20oEY0WBe5mSmdTBkrFsEBw1t7aISskqRXs", "expire_date": "2021-07-29T13:01:11.631Z"}}, {"model": "sessions.session", "pk": "h9686ijh5kxkglrj0cgt120zmojt2e1b", "fields": {"session_data": ".eJxVjMsOwiAQRf-FtSE8LGVcuu83kGEYpGogKe3K-O_apAvd3nPOfYmA21rC1nkJcxIXocXpd4tID647SHestyap1XWZo9wVedAup5b4eT3cv4OCvXxrg2rIYMCPZyZtWYNG8JS9cgp9dMOoLUAiNGyzA3BZJUqM1jOR4kG8P9HjOBc:1m44rP:LEwQtXkjK13_8O0Tn9WTiJixEF2hmsHVhAI4vDmr2s0", "expire_date": "2021-07-29T17:09:19.182Z"}}, {"model": "sessions.session", "pk": "o2vuq4kvxtv9s9zswocbmdbjrrpm7rt2", "fields": {"session_data": ".eJxVjMsOwiAQRf-FtSE8LGVcuu83kGEYpGogKe3K-O_apAvd3nPOfYmA21rC1nkJcxIXocXpd4tID647SHestyap1XWZo9wVedAup5b4eT3cv4OCvXxrg2rIYMCPZyZtWYNG8JS9cgp9dMOoLUAiNGyzA3BZJUqM1jOR4kG8P9HjOBc:1m4pxS:VMHbzzw-HFKnLj_bTZQPF0ef85-42vmwFF11kZCHSZE", "expire_date": "2021-07-31T19:26:42.764Z"}}, {"model": "sessions.session", "pk": "twnh94qb4mh7s5u00kxxawq3zodtblzf", "fields": {"session_data": ".eJxVjEEOwiAQRe_C2hBwoDAu3fcMZGagUjVtUtqV8e7apAvd_vfef6lE21rT1sqSxqwuyqvT78YkjzLtIN9pus1a5mldRta7og_adD_n8rwe7t9BpVa_tcno2RgbhwFtJEDx-Rw6xEBiPQIE6dCBc4UJhAx7yF2Jg5MYgNGq9wfLEjdZ:1m456K:vjOcYVJPyaq-geDhUb0bUf5oYkyG2FkaxaYm5fTiFpg", "expire_date": "2021-07-29T17:24:44.956Z"}}, {"model": "sessions.session", "pk": "vbandur8dr9jmygqe9xorgrcc2mdf537", "fields": {"session_data": ".eJxVjMsOwiAQRf-FtSE8LGVcuu83kGEYpGogKe3K-O_apAvd3nPOfYmA21rC1nkJcxIXocXpd4tID647SHestyap1XWZo9wVedAup5b4eT3cv4OCvXxrg2rIYMCPZyZtWYNG8JS9cgp9dMOoLUAiNGyzA3BZJUqM1jOR4kG8P9HjOBc:1m414l:N-d167tzFA2wGscplLjSzITRZNMEaLvmfTh1KQSNU3Q", "expire_date": "2021-07-29T13:06:51.488Z"}}, {"model": "sessions.session", "pk": "wwstn72cwhjk5fwxcdeubjmjup9a9sm6", "fields": {"session_data": ".eJxVjMsOwiAQRf-FtSE8LGVcuu83kGEYpGogKe3K-O_apAvd3nPOfYmA21rC1nkJcxIXocXpd4tID647SHestyap1XWZo9wVedAup5b4eT3cv4OCvXxrg2rIYMCPZyZtWYNG8JS9cgp9dMOoLUAiNGyzA3BZJUqM1jOR4kG8P9HjOBc:1m40RV:U6BZbEBRSuUo8v7tG-G6WfV-c5k9hzVYn44MyZC5wF8", "expire_date": "2021-07-29T12:26:17.783Z"}}, {"model": "sessions.session", "pk": "zmqrt07zfs0774xrrvjr3yws79af73d0", "fields": {"session_data": ".eJxVjMsOwiAQRf-FtSE8LGVcuu83kGEYpGogKe3K-O_apAvd3nPOfYmA21rC1nkJcxIXocXpd4tID647SHestyap1XWZo9wVedAup5b4eT3cv4OCvXxrg2rIYMCPZyZtWYNG8JS9cgp9dMOoLUAiNGyzA3BZJUqM1jOR4kG8P9HjOBc:1m459T:rAbGf1Pn4o9SXBRfngIN4uCtwTZGUcFjy9j6W0z1t-g", "expire_date": "2021-07-29T17:27:59.047Z"}}, {"model": "usersapp.geekhubuser", "pk": 1, "fields": {"password": "pbkdf2_sha256$260000$5WbOx8CSfAybYCeO1FON3Q$mpPArvk/sSJ9TzK1hfUVMALO/jSW1ps7dW6Pmq8pbew=", "last_login": "2021-07-17T19:26:42.740Z", "is_superuser": true, "username": "Agile449", "first_name": "", "last_name": "", "is_staff": true, "is_active": true, "date_joined": "2021-07-15T12:25:35Z", "activate_key": null, "activate_key_expires": "2021-07-15T13:25:35Z", "email": "pythonagile449@gmail.com", "profile_photo": "", "birthday": "2000-02-02", "user_information": "", "gender": "M", "article_redactor": "CK", "groups": [], "user_permissions": []}}, {"model": "usersapp.geekhubuser", "pk": 2, "fields": {"password": "pbkdf2_sha256$260000$dEMGZXMhSvSPrJSAJ2EFOa$Ntpov9nMf2IHhvcH04RFsa4Hcx74l4P5QtqcOkSCh+s=", "last_login": "2021-07-15T13:30:11.978Z", "is_superuser": false, "username": "reqs", "first_name": "Vitaliy", "last_name": "Shakirov", "is_staff": false, "is_active": true, "date_joined": "2021-07-15T13:29:32.416Z", "activate_key": null, "activate_key_expires": "2021-07-15T13:55:18.851Z", "email": "it-head@barkol.ru", "profile_photo": "", "birthday": null, "user_information": "", "gender": "O", "article_redactor": "CK", "groups": [], "user_permissions": []}}, {"model": "usersapp.geekhubuser", "pk": 3, "fields": {"password": "pbkdf2_sha256$260000$p1khfmIxFWrQe3VAYUoDn8$Lpv8P+AIloZKaS2nHOP2qrOszXVcyUzzPnyMYESmkZw=", "last_login": "2021-07-15T16:50:32.180Z", "is_superuser": false, "username": "tippman", "first_name": "Даниил", "last_name": "Панков", "is_staff": false, "is_active": true, "date_joined": "2021-07-15T16:50:19.891Z", "activate_key": null, "activate_key_expires": "2021-07-15T17:45:55.715Z", "email": "gl.8700@gmail.com", "profile_photo": "", "birthday": null, "user_information": "", "gender": "O", "article_redactor": "CK", "groups": [], "user_permissions": []}}, {"model": "usersapp.geekhubuser", "pk": 4, "fields": {"password": "pbkdf2_sha256$260000$cGk62udFJ83URr0oKJfDMJ$OPwAX714Lrah2iIqBrP9HEvqftlfO0u4sXMF1ut2yAM=", "last_login": "2021-07-15T16:51:36.750Z", "is_superuser": false, "username": "tyrrannt", "first_name": "", "last_name": "", "is_staff": false, "is_active": true, "date_joined": "2021-07-15T16:51:27.887Z", "activate_key": null, "activate_key_expires": "2021-07-15T17:45:55.715Z", "email": "", "profile_photo": "", "birthday": null, "user_information": "", "gender": "O", "article_redactor": "CK", "groups": [], "user_permissions": []}}, {"model": "usersapp.geekhubuser", "pk": 5, "fields": {"password": "pbkdf2_sha256$260000$nYyVL7ePiFynkfs9b65HCG$RWxYr3J9G4AGwsuyZ8o9rWTNWMcmWrqNt0usPUYunsE=", "last_login": "2021-07-15T17:24:44.906Z", "is_superuser": false, "username": "raider92", "first_name": "Андрей", "last_name": "Любарский", "is_staff": true, "is_active": true, "date_joined": "2021-07-15T16:54:48Z", "activate_key": null, "activate_key_expires": "2021-07-15T17:45:55Z", "email": "19stargazer92@gmail.com", "profile_photo": "media/ava.jpg", "birthday": "1992-08-18", "user_information": "", "gender": "M", "article_redactor": "CK", "groups": [], "user_permissions": []}}, {"model": "usersapp.geekhubuser", "pk": 6, "fields": {"password": "pbkdf2_sha256$260000$J95C1WPeQcfKP6Lgmz2CWv$ObhcO1tOWXx1UuS044AbnCNvmTXfvuV1zIi2Mk9Uy34=", "last_login": "2021-07-15T17:02:16.754Z", "is_superuser": false, "username": "mig7676", "first_name": "", "last_name": "", "is_staff": false, "is_active": true, "date_joined": "2021-07-15T17:02:01.425Z", "activate_key": null, "activate_key_expires": "2021-07-15T17:45:55.715Z", "email": "mig7676@yandex.ru", "profile_photo": "", "birthday": null, "user_information": "", "gender": "O", "article_redactor": "CK", "groups": [], "user_permissions": []}}, {"model": "usersapp.geekhubuser", "pk": 7, "fields": {"password": "pbkdf2_sha256$260000$cRsziaar1ZehwcgpFoz1uq$7jG925D/DkOl6Ss88YCqV58jCNSXv5pMlRWOtg87Qpk=", "last_login": null, "is_superuser": false, "username": "Micahwed", "first_name": "", "last_name": "", "is_staff": false, "is_active": false, "date_joined": "2021-07-22T01:32:05.883Z", "activate_key": "a1becc2720dd4d2a90426d415737b253", "activate_key_expires": "2021-07-17T21:05:22.161Z", "email": "vdhgwo@saldov.club", "profile_photo": "", "birthday": null, "user_information": "", "gender": "O", "article_redactor": "CK", "groups": [], "user_permissions": []}}, {"model": "usersapp.blockingbyip", "pk": 7, "fields": {"ip_address": "127.0.0.1", "failed_attempts": 0, "time_unblock": "2021-07-15T12:54:39Z", "blocking_status": false}}, {"model": "usersapp.blockingbyip", "pk": 23, "fields": {"ip_address": "192.168.10.7", "failed_attempts": 1, "time_unblock": "2021-07-22T01:32:07.812Z", "blocking_status": false}}, {"model": "mainapp.hub", "pk": 1, "fields": {"name": "Дизайн", "description": ""}}, {"model": "mainapp.hub", "pk": 2, "fields": {"name": "Веб-разработка", "description": ""}}, {"model": "mainapp.hub", "pk": 3, "fields": {"name": "Мобильная разработка", "description": ""}}, {"model": "mainapp.hub", "pk": 4, "fields": {"name": "Маркетинг", "description": ""}}, {"model": "mainapp.article", "pk": "05b72ca3-6e4e-4026-9651-a69e5052625d", "fields": {"title": "В сеть попали характеристики процессоров Intel 12-го поколения. Выглядят они спорно", "front_image": "", "contents_ck": "<p>Ресурс Videocardz под видом &laquo;утечки&raquo;&nbsp;<a href=\"https://videocardz.com/newz/specifications-of-intel-core-i9-12900k-i7-12700k-and-i5-12600k-alder-lake-cpus-leak-out\">опубликовал</a>&nbsp;характеристики готовящихся к продаже в конце этого года процессоров Intel Alder Lake. Хотя, вероятнее всего, это предварительный вброс от маркетологов компании, чтобы отследить реакцию публики на новинку, так как подобные &laquo;утечки&raquo; не просто за несколько дней &mdash; за несколько месяцев до релиза &mdash; уже давно стали привычной нормой.<br />\r\n<br />\r\nНаибольший интерес в публикации Videocardz представляет информация о компоновке ядер новых флагманов Intel 12-го поколения.<br />\r\n<br />\r\nСогласно опубликованной информации новые процессоры Intel будут изготавливаться по уже знакомому нам техпроцессу 10 нм и оснащаться 16 ядрами, но с подвохом: только восемь из них будут &laquo;полноценными&raquo;. Маркетологи компании даже ввели специальную терминологию: P-core и E-core, что расшифровывается как Prerfomance-core и Eco-core, или просто &laquo;big core&raquo; и &laquo;small core&raquo;. Вот об этом решении стоит поговорить подробнее.<br />\r\n<a name=\"habracut\"></a></p>\r\n\r\n<h3>Когда от инженера требуют 5,0 ГГц, получается вот это</h3>\r\n\r\n<p><br />\r\nСами маркетологи компании загнали себя в яму, постоянно козыряя частотой 5,0-5,3 ГГц на флагманских моделях. На кого-то это до сих пор действует, хотя большинство опытных потребителей в курсе, что на подобном уровне способно работать одновременно только одно ядро, обычно &mdash; CPU-0, если мы говорим о пользовательском сегменте.<br />\r\n<br />\r\nЭто утверждение легко проверяется, если сходить на ресурс wikichip, который собирает информацию и спецификации процессоров. Вот, для примера характеристики топовых моделей Intel разных поколений на&nbsp;<a href=\"https://ark.intel.com/content/www/us/en/ark/products/186605/intel-core-i9-9900k-processor-16m-cache-up-to-5-00-ghz.html\">официальном ark.intel</a>&nbsp;для i9-9900K:<br />\r\n<br />\r\n<img src=\"https://habrastorage.org/r/w1560/webt/a-/z6/yf/a-z6yfuyhzog2xf0izaf7u6tmvc.png\" /><br />\r\n<br />\r\nTurbo-частота &mdash; 5,0 ГГц, что активно пиарилось отделом продаж Intel. Базовая частота намного скромнее &mdash; 3,6 ГГц. И нигде не указана реальная максимальная производительность всех ядер этого процессора одновременно.<br />\r\n<br />\r\nА вот таблица того же процессора с Wikichip:<br />\r\n<br />\r\n<img src=\"https://habrastorage.org/r/w1560/webt/fz/az/ld/fzazld2xql0vdvxk8eejy52-dus.png\" /><br />\r\n<br />\r\nКак видим, правда оказалась где-то посередине; реально i9-9900K выдает весьма солидные 4,7 ГГц на все ядра, что по факту является стабильными 4,6 ГГц на ядро без троттлинга и прочих проблем с избыточным разгоном одного из ядер.<br />\r\n<br />\r\nВот только цифра в 4,7 ГГц нигде толком не упоминается. Потому что не так солидно, как в случае с 5,0 ГГц. Хотя именно одновременная максимальная чистота на всех ядрах &mdash; важнейшая характеристика, если процессор будет использоваться в многопоточных задачах, например, в игровом ПК или при рендере. Ситуация с умолчиванием реальных рабочих частот процессоров Intel тянется как минимум со времен 8-го поколения Intel Core, то есть с процессоров линейки 8700 и его младших моделей.<br />\r\n&nbsp;</p>\r\n\r\n<h3>Процессоры Alder Lake &mdash; для кого и почему</h3>\r\n\r\n<p><br />\r\nТак как новую литографию Intel так и не освоили, а&nbsp;<a href=\"https://habr.com/ru/company/dcmiran/news/t/512744/\">опять размещать заказ у более успешных TSMC</a>&nbsp;&mdash; это обвалить акции компании, было принято решение сыграть на &laquo;энергоэффективности&raquo;.<br />\r\n<br />\r\nВ итоге, согласно утечке, флагманы Alder Lake 12-го поколения будут оснащены 8 полноценными, и 8 энергоэффективными ядрами. В маркетинговом буклете получается потребительский 16-ядерный процессор, но по факту &mdash; выглядит это не очень хорошо.<br />\r\n<br />\r\nВот так выглядят предварительные характеристики флагманов:<br />\r\n<br />\r\n<img src=\"https://habrastorage.org/r/w1560/webt/ww/9v/ey/ww9veyoihpiin0bcn7gzc7gaagm.png\" /><br />\r\n<br />\r\nПервое, что бросается глаза &mdash; огромный разрыв между базовыми и турбо-частотами &laquo;взрослых&raquo; и &laquo;эффективных&raquo; ядер между собой. Фактически, это два процессора в одной коробке: обычный i9 и повешенный ему на шею процессор уровня i3 или i5. По задумке&nbsp;<s>маркетологов</s>&nbsp;инженеров, система должна будет переключаться между комплектом ядер в зависимости от сложности задачи. Если ничего сложного &mdash; работают E-core, если приложение &laquo;тяжелое&raquo; &mdash; в бой идут P-core.<br />\r\n<br />\r\nОпытный пользователь знает, что наибольшая стабильность в производительности приложения достигается равной частотой на всех ядрах. И в случае с новыми Alder Lake таковая будет на уровне самого медленного комплекта ядер, то есть по планке 3,7 ГГц, если спецификации указаны верно. Вполне возможно, реальная стабильная производительность всех E-core разместится где-то на отметке в 3,4-3,5 ГГц, в зависимости от &laquo;удачности&raquo; процессора при производстве.<br />\r\n<br />\r\nПри этом в распоряжении пользователя будет только 24 потока вместо ожидаемых 32 потоков при работе с 16-ядерным процессором.<br />\r\n<br />\r\nПохожим по характеристикам процессором является другой продукт компании &mdash; i9-9980XE, который вышел в 4 квартале 2018 года и был оснащен 18 ядрами/36 потоками:<br />\r\n<br />\r\n<a href=\"https://habrastorage.org/webt/dh/ew/bm/dhewbmucirnagp8yf8k_pyma-sc.png\"><img src=\"https://habrastorage.org/r/w1560/webt/dh/ew/bm/dhewbmucirnagp8yf8k_pyma-sc.png\" /></a><br />\r\n<em>Вторая и третья строка &mdash; частота ядер в режимах AVX2 и AVX512</em><br />\r\n<br />\r\nКак видим, уже тогда Intel выпускали процессоры по техпроцессу 14 нм с достаточным числом производительных ядер. Вот только рекомендованная розничная цена такого процессора &mdash; около 1999$ согласно&nbsp;<a href=\"https://ark.intel.com/content/www/us/en/ark/products/189126/intel-core-i9-9980xe-extreme-edition-processor-24-75m-cache-up-to-4-50-ghz.html\">странице на ark.intel</a>, а более новая модель,&nbsp;<a href=\"https://ark.intel.com/content/www/us/en/ark/products/198017/intel-core-i9-10980xe-extreme-edition-processor-24-75m-cache-3-00-ghz.html\">Intel-10980XE</a>, который вышел годом позже &mdash; 1000$.<br />\r\n<br />\r\nКак мы видим, тенденция с 2018 года сохранилась даже с переходом от 14 нм на 10 нм: при увеличении числа основных ядер серьезно проседает как турбо-частота, так и частота всех работающих ядер одновременно. Максимум, что смогли выжать инженеры Intel из текущей технологии, они уже показали в&nbsp;<a href=\"https://ark.intel.com/content/www/us/en/ark/products/198019/intel-core-i9-10900x-x-series-processor-19-25m-cache-3-70-ghz.html\">i9-10900X</a>, который имеет 10 ядер/20 потоков, но всего 4,5 ГГц турбо-частоты на CPU-0, при сохранении конкурентной на фоне AMD цены.<br />\r\n<br />\r\nМассовый же i9-11900K оснащался скромными 8 ядрами/16 потоками, но показывал так нужные маркетологам 5,3 ГГц в соло-режиме.<br />\r\n<br />\r\n<img src=\"https://habrastorage.org/r/w1560/webt/va/g-/ly/vag-lyjm8muk5fv1f1z3ccgzcjo.png\" /><br />\r\n<br />\r\nКак видим, физику обмануть невозможно: новые Alder Lake будут оснащаться теми же 10 нм ядрами, что и 10-11 поколение процессоров intel, флагман будет иметь на борту все те же 8 ядер/16 потоков и не ядром больше. Потому что иначе падают частоты. Вот только для 12 поколения процессоров Intel придумали &laquo;довесок&raquo; в виде еще одного восьмиядерного процессора из бюджетного сегмента.<br />\r\n<br />\r\nЕдинственным достижением Intel можно считать то, что &laquo;основная&raquo; часть процессора, скорее всего, сможет работать на частоте в 5,0 ГГц на все P-ядра. Правда, для этого можно купить просто i9-11900K и получить примерно ту же производительность за, вероятно, меньшие деньги и на уже существующем сокете.<br />\r\n<br />\r\n<img src=\"https://habrastorage.org/r/w1560/webt/x0/pi/2s/x0pi2sc6xo4rywkp_yclq6njpro.png\" /><br />\r\n&nbsp;</p>\r\n\r\n<h3>Фантастический TDP</h3>\r\n\r\n<p><br />\r\nНо чехарда с ядрами и частотами и топтание на месте &mdash; не единственная проблема новых процессоров. Внимательный читатель заметил, что в списке характеристики новых флагманов Intel фигурирует и параметр TDP новых процессоров. А это, простите, минимум 125 Вт в стоке и до 228 Вт под нагрузкой, когда работают все ядра:<br />\r\n<br />\r\n<img src=\"https://habrastorage.org/r/w1560/webt/ht/hw/ej/hthwejhnwvypxfdhwm_nnd28akm.png\" /><br />\r\n<br />\r\nВ целом, это согласуется с законами физики этой части вселенной: если ты просто упаковываешь два процессора в один контейнер, то и выделять тепла они будут столько же, сколько и раньше. Для справки: системы охлаждения, способные по паспорту рассеять 220 Вт тепла в российской рознице стартуют от 9 тысяч рублей или от 100$ на Amazon. Если брать систему с запасом &mdash; на 250+ Вт &mdash; то получится уже 12 тысяч рублей и более.<br />\r\n&nbsp;</p>\r\n\r\n<h3>Зачем вообще нужны эти E-core</h3>\r\n\r\n<p><br />\r\nТакой странной компоновкой процессоров Intel пытается попасть в тренд энергосберегающих технологий, которые активно развиваются в мобильном или ноутбучном сегменте. Вот только не совсем понятно, зачем покупателю флагманского процессора компании, который, ожидаемо, хочет получить максимальную производительность, нужны эти &laquo;экологичные&raquo; технологии.<br />\r\n<br />\r\nУ Intel давно реализована система интеллектуального управления множителями, когда материнская плата в автоматическом режиме занижает множитель процессора и его частоту, если в данный момент на камень нет соответствующей мощности нагрузке. И даже в таком виде система была не всегда удобна: в задачах с переменной сложностью, например, в современных играх, эти скачки множителя CPU приводили к потере производительности в самом приложении, так что одним из популярных способов фикса этой &laquo;фичи&raquo; процессоров Intel стала банальная ручная блокировка множителей в BIOS на желаемом уровне. Хотя бы на уровне базовой производительности, заявленной по паспорту.<br />\r\n<br />\r\nКак же в многопоточных и сложных приложениях будет происходить переключение между двумя разными процессорами, которые логически пусть и объединены в один блок, остается только догадываться. Вполне возможно, для достижения максимальной производительности пользователи новых флагманских процессоров Intel будут вообще отключать блок с &laquo;младшими&raquo; ядрами за банальной ненадобностью. Иначе вся суть покупки &laquo;флагмана&raquo; просто теряется за маркетинговой мишурой.</p>\r\n", "contents_md": "", "editor": "CK", "short_description": "", "publication_date": "2021-07-15T16:48:06.983Z", "created_at": "2021-07-15", "views": 4, "is_draft": false, "is_published": true, "is_moderation_in_progress": false, "is_deleted": false, "hub": 4, "author": 1}}, {"model": "mainapp.article", "pk": "1a1ddfcd-d890-4ff5-ab78-f3dc3c2dbf47", "fields": {"title": "Mozabrick — многоразовый фотоконструктор, который собирается по любой фотографии со смартфона", "front_image": "", "contents_ck": "<p><img alt=\"image\" src=\"https://habrastorage.org/getpro/habr/post_images/8f0/486/d10/8f0486d1010fccf0036d5a6a662d159a.webp\" /><br />\r\n<br />\r\nВ этом мире гику есть, чем себя развлечь, и подобных развлечений становится все больше. Есть уже приевшиеся, есть необычные, а есть совсем новенькие. Одна из новинок указана в заголовке &mdash; то Mozabrick, многоразовый фотоконструктор, который действительно собирается по любому фото. Его достоинство как раз в многоразовости &mdash; ведь если паззл складывается один раз и больше интереса не представляет, то здесь намного больше возможностей.<br />\r\n<br />\r\nСобственно, фотоконструкторы встречаются не очень часто, но и редкостью не являются. Большинство из них &mdash; нечто сродни одноразовому пазлу. Сколько ни складывай, а получается одно и то же. Mozabrick &mdash; универсальный фотоконструктор, который поставляется вместе с софтом, генерирующим инструкцию по сборке к любой загруженной фотографии.<br />\r\n<a name=\"habracut\"></a></p>\r\n\r\n<h3>Откуда взялась идея?</h3>\r\n\r\n<p><br />\r\n<img alt=\"image\" src=\"https://habrastorage.org/getpro/habr/post_images/81c/336/e19/81c336e192263dc02c7e1b88515c9fa1.webp\" /><br />\r\n<br />\r\nОна зародилась в 2017 году на выставке &laquo;Искусство &bdquo;Лего&ldquo;. Тогда один из основателей обратил внимание на целую серию картин художника Натана Савайя, которые сложены из элементов вроде Lego. Возникла идея о том, чтобы дать возможность собирать подобные шедевры не только художникам, но и обычным людям.<br />\r\n<br />\r\nУ фотоконструктора два основателя, один из которых занимался поставками на рынок детских игрушек, включая конструкторы, а второй &mdash; вендингами. Так, второй основатель ранее запустил первую в мире сеть автоматов Instamat для моментальной печати фотографий из VK и Instagram. Но прошло время и захотелось реализовать новую идею, которой и стал фотоконструктор. Идея, о которой сказано выше, была рассказана второму основателю спустя три года &mdash; не потому, что это секрет, а просто потому, что вспомнилась.<br />\r\n<br />\r\nПроизводство было запущено около года назад &mdash; в июле 2020 года.<br />\r\n<br />\r\nСама идея заключается в том, чтобы сделать набор элементов конструктора универсальным и его можно было использовать многократно. Для этого авторы разработали программное обеспечение, которое генерирует инструкцию по сборке для любой загруженной фотографии. После этого авторы проекта просчитали количество деталей, которые понадобятся для реализации идеи.<br />\r\n<br />\r\n<img alt=\"image\" src=\"https://habrastorage.org/getpro/habr/post_images/406/aa4/f6f/406aa4f6fd6f20f05ff481d601fcd2f8.webp\" /><br />\r\n<br />\r\nМинимальный набор элементов для сбора &bdquo;картинки&ldquo; размером 51*51 см составляет 4096 кубиков. Но для возможности собирать из набора любую фотографию, Mozabrick комплектуется на 40% большим количеством деталей.<br />\r\n&nbsp;</p>\r\n\r\n<h3>Как это работает</h3>\r\n\r\n<p><br />\r\nВ комплект входит достаточно подробная инструкция, на страницах которой есть уникальный код. Перейдя на сайт (https://mozabrick.com/ru) и введя код, покупатель получает доступ к сердцу продукта &mdash; веб приложению<br />\r\n<br />\r\nНа этом этапе требуется загрузить со смартфона фотографию, которую софт разложит на отдельные элементы, показав, что должно получиться в итоге, если правильно сложить кубики.<br />\r\n<br />\r\n<img alt=\"image\" src=\"https://habrastorage.org/r/w1560/getpro/habr/post_images/a34/e64/297/a34e6429701cff41b044448189311dab.jpg\" /><br />\r\n<br />\r\nС фотографией стоит поиграться, чтобы понять, какое положение будет наиболее удачным. После того, как выбор сделан, нужно указать свою почту, на которую моментально отправляется письмо с PDF-файлом с инструкцией сборки, которая оптимально подходит как к деталям, так и к размеру набора.<br />\r\n<br />\r\nВ инструкции есть полный предпросмотр завершающего этапа, а также 4 страницы с подробнейшей схемой размещения деталей. Чтобы не запутаться, стоит запомнить, у каждого квадрата есть свой символ, который соответствует определенному пакету деталей. Т.е. все помечено, гадать не приходится.<br />\r\n&nbsp;</p>\r\n\r\n<h3>За сколько можно собрать шедевр?</h3>\r\n\r\n<p><br />\r\nАвторы говорят, что на работу уйдет часов 14, но на практике гораздо меньше. Некоторые обзорщики заявляют, что если не очень торопиться, получается заполнить квадрат примерно за час. При этом сборка не очень напряжная, так что помимо нее можно заниматься другими делами, например, смотреть фильм или мультик (привет, пятый сезон &bdquo;Рика и Морти&ldquo;).<br />\r\n<br />\r\n<img alt=\"image\" src=\"https://habrastorage.org/r/w1560/getpro/habr/post_images/b46/d01/60e/b46d0160e3ebd0bcc5c290847459f932.jpg\" /><br />\r\n<br />\r\nЕще один важный момент &mdash; можно собирать как самостоятельно, также и в компании. Конструктор рассчитан на участие нескольких человек.<br />\r\n&nbsp;</p>\r\n\r\n<h3>Многоразовость</h3>\r\n\r\n<p><br />\r\n<img alt=\"image\" src=\"https://habrastorage.org/r/w1560/getpro/habr/post_images/662/5f8/504/6625f85047fa5ca002ff5fcb2a99b07b.jpg\" /><br />\r\n<br />\r\nЭто как раз &bdquo;фишка&ldquo; проекта, его изюминка. Выше мы говорили о том, что большинство подобных конструкторов &mdash; одноразовые. А здесь можно в буквальном смысле творить. Если надоест ранее собранное изображение, его можно разложить, снова распихать элементы по пакетикам и ждать вдохновения. Если оно наступило &mdash; можно складывать что-то другое, а не прежнюю картинку.<br />\r\n&nbsp;</p>\r\n\r\n<h3>Кое-что еще</h3>\r\n\r\n<p><br />\r\nБлагодаря интересной идее конструктор почти сразу же заметили покупатели &mdash; больше всего их пока в России, где компания планирует открыть свое производство. Но несмотря на это, ориентируются создатели все же на международный рынок, поскольку компанию хотят сделать узнаваемым брендом.</p>\r\n", "contents_md": "", "editor": "CK", "short_description": "", "publication_date": "2021-07-15T17:08:01.967Z", "created_at": "2021-07-15", "views": 0, "is_draft": false, "is_published": false, "is_moderation_in_progress": true, "is_deleted": false, "hub": 1, "author": 3}}, {"model": "mainapp.article", "pk": "31b2b178-68b6-4d5d-8fb9-1e1fc9b7eb32", "fields": {"title": "GitHub признался, что использовал весь публичный код для обучения Copilot без учёта типа лицензии", "front_image": "article_front_img/Minecraft_Xbox_One_Edition.jpg", "contents_ck": "<p><br />\r\nПринцип работы нейросетевого помощника программиста GitHub Copilot.</p>\r\n\r\n<p>7 июля 2021 года GitHub признался, что при обучении помощника программиста Copilot разработчики использовали весь доступный в репозиториях сервиса публичный код без учёта типа лицензии.</p>\r\n\r\n<p><br />\r\nОтвет техподдержки GitHub на вопрос пользователя про Copilot, код и лицензию GPL &mdash; &laquo;да, разработчики использовали весь общедоступный код GitHub для Copilot независимо от лицензии&raquo;.</p>\r\n\r\n<p>Фактически программные наработки, полученные с помощью &laquo;второго пилота&raquo; можно использовать как угодно без ограничений, не подчиняясь первоначальной лицензии, например, GPL, так как новый код получается под лицензией Copyleft.</p>\r\n\r\n<p>Сторонние разработчики и пользователи в комментариях к этой публикации в Twitter возмущены такими действиями Microsoft и GitHub и обвинили компании в неуважении прав на код частных лиц и небольших общественных проектов. &laquo;Соблюдение авторских прав только для плебей и пролов, богатые люди и крупные компании могут делать все, что хотят&raquo;, &mdash; пояснила разработчик Нора Тиндалл. Она рассказала, что обратилась по этому вопросу к юристам Фонда свободного программного обеспечения (FSF) и Фонда электронных рубежей (EFF) и ищет единомышленников для подачи коллективного иска, так как в одиночку Microsoft и GitHub противостоять не имеет смысла. С другой стороны сейчас нет такого закона, где ИИ запрещалось бы нарушать авторские права.</p>\r\n\r\n<p>Позиция GitHub по этому вопросу: &laquo;обучение моделей машинного обучения на общедоступных данных считается добросовестным использованием в сообществе разработчиков ИИ&raquo;.</p>\r\n\r\n<p>В июля разработчики стали жаловаться, что Copilot вместо нескольких строк нужного кода генерирует десятки строк с цитатами и комментариями из проектов с открытым исходным кодом. GitHub уточнила, что Copilot обычно не воспроизводит точные фрагменты кода, а создает производные работы из ранее полученных входных данных. Компания привела статистику, что это происходит лишь в 0,1% случаев.</p>\r\n\r\n<p>29 июня Microsoft и GitHub представили нейросетевого помощника программиста Copilot, работающего на базе OpenAI Codex. Решение OpenAI Codex генерирует код значительно более эффективно, чем GPT-3. Алгоритм обучали на датасете из терабайтов общедоступного кода. Copilot вышел в виде плагина редактора Microsoft Visual Studio Code и функции браузерного редактора кода GitHub Codespaces после регистрации в программе тестирования техноческого превью сервиса.</p>", "contents_md": "", "editor": "CK", "short_description": "GitHub признался, что использовал весь публичный код для обучения Copilot без учёта типа лицензии", "publication_date": "2021-07-15T13:12:07.529Z", "created_at": "2021-07-15", "views": 65, "is_draft": false, "is_published": true, "is_moderation_in_progress": false, "is_deleted": false, "hub": 3, "author": 1}}, {"model": "mainapp.article", "pk": "416d6f1c-4db0-4f96-9967-2ff91a6f6928", "fields": {"title": "Делаем приватный монитор из старого LCD монитора", "front_image": "", "contents_ck": "<p><img src=\"https://habrastorage.org/r/w1560/storage1/cc971216/3b86eb6d/dfa8282f/8ccb8fa5.jpeg\" /><br />\r\n<br />\r\nВы наконец-то можете сделать кое-что со своим старым LCD монитором, который завалялся у Вас в гараже. Превратите его в шпионский монитор! Для всех вокруг он будет выглядеть просто белым экраном, но не для Вас, потому что у Вас будут специальные &laquo;волшебные&raquo; очки.<br />\r\n<br />\r\nВсё что Вам нужно &ndash; это пара старых очков, нож для бумаги и растворитель для краски.<br />\r\n<br />\r\n<a name=\"habracut\"></a><br />\r\n<iframe frameborder=\"0\" height=\"300\" scrolling=\"no\" src=\"https://www.youtube.com/embed/MgN4r1YufcI?feature=oembed\" width=\"560\"></iframe><br />\r\n<br />\r\n<strong>Вот, что я использовал:</strong></p>\r\n\r\n<ul>\r\n\t<li>конечно это LCD монитор</li>\r\n\t<li>одноразовые 3д-очки из кинотеатра (старые солнцезащитные очки вполне подойдут)</li>\r\n\t<li>растворитель (или аналоги)</li>\r\n\t<li>нож для бумаги</li>\r\n\t<li>отвертка</li>\r\n\t<li>бумажные полотенца</li>\r\n\t<li>суперклей</li>\r\n</ul>\r\n\r\n<p>&nbsp;</p>\r\n\r\n<h4>Шаг 1. Возьмите монитор.</h4>\r\n\r\n<p><br />\r\nНайдите старый монитор, который вы готовы принести в жертву.<br />\r\n<img src=\"https://habrastorage.org/r/w1560/storage1/dbfb996f/b5d930b7/aa976679/176abc0e.jpeg\" /><br />\r\n<br />\r\n<img src=\"https://habrastorage.org/r/w1560/storage1/df3dee75/d73fd6bf/9fe10306/9117e285.jpeg\" /><br />\r\n<br />\r\nСнимите пластиковую рамку, открутив все винты на обратной стороне.<br />\r\n<img src=\"https://habrastorage.org/r/w1560/storage1/1d2f5f47/f52632b7/4808adea/915708fd.jpeg\" /><br />\r\n<br />\r\n<img src=\"https://habrastorage.org/r/w1560/storage1/3155a225/b9ca8c6b/ab8343f0/bbdef754.jpeg\" /><br />\r\n&nbsp;</p>\r\n\r\n<h4>Шаг 2. Вырежьте поляризующую пленку.</h4>\r\n\r\n<p><br />\r\nБольшинство LCD мониторов имеет на стекле покрытие из двух пленок: поляризационную для фильтрации света, который вы не должны видеть и матовую антибликовую пленку. Антибликовая нам не нужна, а поляризационную мы используем в наших очках.<br />\r\nСамое время взять нож и вырезать пленки по самому краю экрана. Не бойтесь давить, метал не поцарапает стекло если на нём нет раличных крошек и пыли.<br />\r\n<br />\r\n<strong>* Совет из комментариев:</strong><em>&nbsp;не у всех мониторов покрытие из двух пленок приклеено, на некоторых они просто наложены и если снять защитные металлические края матрицы то их можно просто снять без вырезания.</em><br />\r\n<br />\r\n<img src=\"https://habrastorage.org/r/w1560/storage1/4c883ef8/ae56a894/901460c8/64a509af.jpeg\" /><br />\r\n<br />\r\nЗатем стягивайте пленку с экрана. Не забудьте сохранить поляризационную пленку, так же запомните её ориентацию.<br />\r\n<img src=\"https://habrastorage.org/r/w1560/storage1/abab74e4/a2c80cc8/b1a46083/1bfd2546.jpeg\" /><br />\r\n<br />\r\n<img src=\"https://habrastorage.org/r/w1560/storage1/216b6e34/4eb0ca2d/2ec2bd39/a10d6712.jpeg\" /><br />\r\n<br />\r\n<img src=\"https://habrastorage.org/r/w1560/storage1/9435cea6/d35520e9/74654a41/ed73523e.jpeg\" /><br />\r\n&nbsp;</p>\r\n\r\n<h4>Шаг 3. Очистите экран от клейкого вещества.</h4>\r\n\r\n<p><br />\r\nПосле того как Вы сняли пленку, вероятно, на экране остался клей, переходим к грязной работе.<br />\r\nСчищайте клей с помощью растворителя и бумажных полотенец.<br />\r\n<img src=\"https://habrastorage.org/r/w1560/storage1/5e4d30bd/d545b19e/87b5dc30/ee7a88ca.jpeg\" /><br />\r\n<br />\r\nЯ обнаружил, что если покрыть экран бумажными полотенцами, смоченными в растворителе и дать им полежать, удалить клей будет проще. Так же для снятия клея можно использовать какой-нибудь кусок пластика или дерева, просто соскребая клей с экрана.<br />\r\n<img src=\"https://habrastorage.org/r/w1560/storage1/44ec1c1d/91f9549b/a7922e27/ec40e489.jpeg\" /><br />\r\n<img src=\"https://habrastorage.org/r/w1560/storage1/07ed3dde/0106ac97/3fb65b68/1be6bf78.jpeg\" /><br />\r\n<br />\r\n<strong>Будьте аккуратны, следите, что бы растворитель не попадал на пластиковую рамку.</strong><br />\r\n&nbsp;</p>\r\n\r\n<h4>Шаг 4. Работа над монитором завершена.</h4>\r\n\r\n<p><br />\r\nПосле того как вы счистили весь клей, можно собирать монитор. Ещё до того как Вы сделаете очки, можно протестировать монитор с помощью поляризационной пленки!<br />\r\n<img src=\"https://habrastorage.org/r/w1560/storage1/fc5834c1/23c7332b/848a48dd/b74f9a31.jpeg\" /><br />\r\n&nbsp;</p>\r\n\r\n<h4>Шаг 5. Удалите старые линзы.</h4>\r\n\r\n<p><br />\r\nДля создания очков я использовал одноразовые 3д-очки из кинотеатра, но Вы можете использовать любый другие.<br />\r\n<img src=\"https://habrastorage.org/r/w1560/storage1/315a8bba/1c0282de/eef7177f/72af3444.jpeg\" /><br />\r\n<br />\r\nВыдавите стекла или разберите очки, если это возможно.<br />\r\n<img src=\"https://habrastorage.org/r/w1560/storage1/e842cbdb/3a3630b4/c171fdc5/8e87a522.jpeg\" /><br />\r\n<br />\r\n<img src=\"https://habrastorage.org/r/w1560/storage1/b2ce17d3/dde6a51d/e482b43d/8243af13.jpeg\" /><br />\r\n&nbsp;</p>\r\n\r\n<h4>Шаг 6. Сканируем, трассируем границы, вырезаем.</h4>\r\n\r\n<p><br />\r\nЕсли вы планируете использовать ЧПУ станок или резку лазером, отсканируйте и получите изображение контуров элементов (трассировка границ).<br />\r\n<em>* автор статьи занимается данной деятельностью на заказ, поэтому тут и присутствует столь странное для большинства предложение</em><br />\r\n<img src=\"https://habrastorage.org/r/w1560/storage1/b3369f2e/ad3a234e/3f6c290b/4a900756.jpeg\" /><br />\r\n<br />\r\nЯ отсканировал стекла, Вы можете использовать их как образец для их расположения. Помните, что для поляризационной пленки важна её ориентация. Стороны также имеют значения (передняя/задняя).<br />\r\n<img src=\"https://habrastorage.org/r/w1560/storage1/b8a6d465/083d7033/694335ee/2c1c7724.jpeg\" /><br />\r\n<img src=\"https://habrastorage.org/r/w1560/storage1/07d562a0/7cedf83c/db26d9fc/97d5e142.jpeg\" /><br />\r\n<br />\r\n<strong>Так же для вырезания линз вы можете воспользоваться всё тем же ножом для бумаги.</strong><br />\r\n<br />\r\n&nbsp;</p>\r\n\r\n<h4>Шаг 7. Собираем очки и наслаждаемся!</h4>\r\n\r\n<p><br />\r\nМожно собрать очки, вы готовы к тому, что бы немного поразвлекаться!<br />\r\n<img src=\"https://habrastorage.org/r/w1560/storage1/0d65ab9c/61d751eb/9a0e66d4/9c86c408.jpeg\" /><br />\r\n<br />\r\n<img src=\"https://habrastorage.org/r/w1560/storage1/b3e9632c/277594ed/b29fbc3e/cd806120.jpeg\" /><br />\r\n<br />\r\n<img src=\"https://habrastorage.org/r/w1560/storage1/9db1915d/31c107b9/01ff804e/c728a087.jpeg\" /><br />\r\n<br />\r\n<strong>Люди могут подумать, что вы сошли с ума, уставившись в белый монитор, сидя в солнцезащитных очках!</strong><br />\r\n<br />\r\n<strong>Но мне кажется это делает данную затею ещё более забавной!</strong><br />\r\n<br />\r\n<img src=\"https://habrastorage.org/r/w1560/storage1/cc971216/3b86eb6d/dfa8282f/8ccb8fa5.jpeg\" /></p>", "contents_md": "", "editor": "CK", "short_description": "", "publication_date": "2021-07-15T17:09:33.274Z", "created_at": "2021-07-15", "views": 11, "is_draft": false, "is_published": true, "is_moderation_in_progress": false, "is_deleted": false, "hub": 1, "author": 3}}, {"model": "mainapp.article", "pk": "5160429a-4f31-4142-8a82-295075973f95", "fields": {"title": "Модератору сообщение", "front_image": "", "contents_ck": "<p>Ну ты че модератор мои статьи не проверяешььььь</p>\n", "contents_md": "", "editor": "CK", "short_description": "", "publication_date": "2021-07-15T17:19:05.392Z", "created_at": "2021-07-15", "views": 0, "is_draft": false, "is_published": false, "is_moderation_in_progress": true, "is_deleted": false, "hub": 4, "author": 6}}, {"model": "mainapp.article", "pk": "5ededb76-866b-4aeb-aa09-966ea23bd48d", "fields": {"title": "6 навыков устранения неполадок в Ansible Playbooks, шпаргалка по Node.js Event Emitter и не только в #полезногопост", "front_image": "", "contents_ck": "<p>Подборка новых шпаргалок, вебинаров, свежих статей и полезных книг в самом полезном дайджесте на просторах #Хабр! Оставайтесь с нами – станьте частью <a href=\"https://developers.redhat.com/devnation/?intcmp=7013a000002DkMdAAK\"><u>DevNation</u></a>!</p>\n<h2>Узнаем новое</h2>\n<ul>\n<li>\n<p><a href=\"https://app.community.engage.redhat.com/e/er?s=17900033&amp;lid=4699&amp;elqTrackId=732bf43db60c428bb67e863a541c50fc&amp;elq=3689089f0d074803967004b7d413d35d&amp;elqaid=772&amp;elqat=1\"><strong>Как я пересадил свою маму с Windows на Linux</strong></a><br/>\r\n\tЕй понравилось, что тут классный «Рабочий стол» и куча знакомых приложений.</p>\n</li>\n<li>\n<p><a href=\"https://app.community.engage.redhat.com/e/er?s=17900033&amp;lid=4768&amp;elqTrackId=3db90e9df53d49738c960cb616cbf5c2&amp;elq=4a915032bcff4e89a83660af03268050&amp;elqaid=781&amp;elqat=1\"><strong>PlanNet – мобильный справочник ботаника-любителя с распознаванием по фото</strong></a></p>\n</li>\n<li>\n<p><a href=\"https://app.community.engage.redhat.com/e/er?s=17900033&amp;lid=4695&amp;elqTrackId=af5fedc628d64f69b9c28863dcf43e8a&amp;elq=3689089f0d074803967004b7d413d35d&amp;elqaid=772&amp;elqat=1\"><strong>Chatwoot – опенсорсная CRM-платформа</strong></a></p>\n</li>\n</ul>\n<ul>\n<li>\n<p><a href=\"https://www.redhat.com/sysadmin/linux-commands-to-know\"><strong>17 Linux-команд, которые должен знать каждый сисадмин</strong></a></p>\n</li>\n<li>\n<p><a href=\"https://app.community.engage.redhat.com/e/er?s=17900033&amp;lid=4769&amp;elqTrackId=45a712f0443e491fa2a15edb843563c5&amp;elq=4a915032bcff4e89a83660af03268050&amp;elqaid=781&amp;elqat=1\"><strong>Работаем с Linux как с базой данных</strong></a><br/>\r\n\tКак писать запросы для получения системной информации.</p>\n</li>\n<li>\n<p><a href=\"https://www.openshift.com/blog/keep-your-applications-secure-with-automatic-rebuilds\"><strong>Как интегрировать Red Hat Quay с конвейерами Tekton для автоматической пересборки приложений при обновлении образов Red Hat</strong></a></p>\n</li>\n<li>\n<p><a href=\"https://www.redhat.com/sysadmin/extra-variables-ansible-playbook\"><strong>Как и зачем передавать дополнительные переменные сценариям Ansible Playbook</strong></a></p>\n</li>\n<li>\n<p><a href=\"https://www.redhat.com/sysadmin/automating-logical-volume-manager\"><strong>Как автоматизировать настройку Logical Volume Manager с помощью Ansible</strong></a></p>\n</li>\n<li>\n<p><a href=\"https://www.redhat.com/sysadmin/removing-gui-rhel-8\"><strong>Как убрать GUI с сервера Red Hat Enterprise Linux</strong></a></p>\n</li>\n<li>\n<p><a href=\"https://www.redhat.com/sysadmin/bash-error-handling\"><strong>Учимся обрабатывать ошибки Bash на примерах</strong></a></p>\n</li>\n<li>\n<p><a href=\"https://www.redhat.com/sysadmin/troubleshoot-ansible-playbooks\"><strong>6 навыков устранения неполадок в Ansible Playbooks</strong></a></p>\n</li>\n<li>\n<p><a href=\"https://app.community.engage.redhat.com/e/er?s=17900033&amp;lid=4698&amp;elqTrackId=1f612631daa044bdb9f5464c0a2a65a6&amp;elq=3689089f0d074803967004b7d413d35d&amp;elqaid=772&amp;elqat=1\"><strong>Меняем man на Tealdeer</strong></a></p>\n</li>\n<li>\n<p><a href=\"https://app.community.engage.redhat.com/e/er?s=17900033&amp;lid=4696&amp;elqTrackId=ece52c26893841b4b16aeb19ec39dbe2&amp;elq=3689089f0d074803967004b7d413d35d&amp;elqaid=772&amp;elqat=1\"><strong>Меняем du на dust</strong></a></p>\n</li>\n<li>\n<p><a href=\"https://app.community.engage.redhat.com/e/er?s=17900033&amp;lid=4766&amp;elqTrackId=34aea39c40c448f2951a2d715b0a4720&amp;elq=4a915032bcff4e89a83660af03268050&amp;elqaid=781&amp;elqat=1\"><strong>Учимся парсить конфигурационные файлы с помощью Bash</strong></a></p>\n</li>\n<li>\n<p><a href=\"https://app.community.engage.redhat.com/e/er?s=17900033&amp;lid=4694&amp;elqTrackId=53c4dc75253246e9adaa6b70966045d6&amp;elq=3689089f0d074803967004b7d413d35d&amp;elqaid=772&amp;elqat=1\"><strong>Управление пакетами в Linux с помощью apt</strong></a></p>\n</li>\n<li>\n<p><a href=\"https://app.community.engage.redhat.com/e/er?s=17900033&amp;lid=4693&amp;elqTrackId=f5238ed262d64e97a3652e9fea3dd900&amp;elq=3689089f0d074803967004b7d413d35d&amp;elqaid=772&amp;elqat=1\"><strong>Парсинг конфигурационных файлов с помощью Python</strong></a></p>\n</li>\n</ul>\n<h2>Для разработчиков</h2>\n<ul>\n<li>\n<p><a href=\"https://developers.redhat.com/articles/2021/06/29/how-apply-machine-learning-gitops\"><strong>Учимся использовать машинное обучение в GitOps</strong></a></p>\n</li>\n<li>\n<p><a href=\"https://developers.redhat.com/articles/2021/06/25/making-java-programs-cloud-ready-part-1-incremental-approach-using-jakarta-ee\"><strong>Модернизируем Java-программы для работы в облаке, часть 1: инкрементный подход с использованием Jakarta EE и MicroProfile</strong></a><strong>,</strong><br/>\r\n\tа также части<a href=\"https://developers.redhat.com/articles/2021/06/28/making-java-programs-cloud-ready-part-2-upgrade-legacy-java-application-jakarta\"> <strong><u>2</u></strong></a>,<a href=\"https://developers.redhat.com/articles/2021/06/30/making-java-programs-cloud-ready-part-3-integrate-microprofile-services\"><strong> <u>3</u></strong></a> и<a href=\"https://developers.redhat.com/articles/2021/07/02/making-java-programs-cloud-ready-part-4-optimize-runtime-environment\"> <strong><u>4</u></strong></a>.</p>\n</li>\n</ul>\n<p><img src=\"https://habrastorage.org/r/w1560/getpro/habr/upload_files/add/fe5/c7c/addfe5c7c0c2f324d026069642150e4d.png\"/></p>\n<ul>\n<li>\n<p><a href=\"https://developers.redhat.com/articles/2021/06/23/how-jit-compiler-boosts-java-performance-openjdk\"><strong>JIT-компиляция в OpenJDK – почему это классно</strong></a></p>\n</li>\n</ul>\n<h2>Качаем</h2>\n<ul>\n<li>\n<p><a href=\"https://drive.google.com/file/d/1pNWV3Fq-OJwhIgvjJnn8CGeAkpLd0YXa/view?usp=sharing\"><strong>Шпаргалка по Node.js Event Emitter</strong></a></p>\n</li>\n<li>\n<p><a href=\"https://drive.google.com/file/d/1vweBGBVW-iuMT2_ds0dy3pM7grpD0hvE/view?usp=sharing\"><strong>Поваренная книга по Knative</strong></a></p>\n</li>\n</ul>\n<p><img src=\"https://habrastorage.org/r/w1560/getpro/habr/upload_files/c84/38a/d85/c8438ad85cf3e59079f874a3cf788db9.png\"/></p>\n<ul>\n<li>\n<p><a href=\"https://drive.google.com/file/d/1LCh1bwakPfbIYbi-py5nUNby_92iBBeX/view?usp=sharing\"><strong>e-book «Гибридное облако и Kubernetes: руководство по построению успешной архитектуры</strong></a><strong>»</strong></p>\n</li>\n</ul>\n<h2>Что еще интересного</h2>\n<ul>\n<li>\n<p><a href=\"https://app.community.engage.redhat.com/e/er?s=17900033&amp;lid=4757&amp;elqTrackId=6d19b8d303c9470b8a567ec7ae78dad5&amp;elq=4a915032bcff4e89a83660af03268050&amp;elqaid=781&amp;elqat=1\"><strong>5 новых книг, чтобы взглянуть свежим взглядом на корпоративную архитектуру</strong></a></p>\n</li>\n<li>\n<p><a href=\"https://www.redhat.com/architect/design-tips-microservices-developers\"><strong>5 советов, как улучшить user experience микросервисов</strong></a></p>\n</li>\n<li>\n<p><a href=\"https://enterprisersproject.com/article/2021/6/digital-transformation-7-signs-of-progress\"><strong>Цифровая трансформация: 7 признаков, что вы идете верным курсом</strong></a></p>\n</li>\n</ul>\n<h2>Вебинары</h2>\n<ul>\n<li>\n<p><a href=\"https://events.redhat.com/profile/form/index.cfm?PKformID=0x407513abcd\"><strong>Вебинар «Зачем нужны решения HPE и Red Hat для SAP?», 15 июля</strong></a><br/>\r\n\tНа вебинаре эксперты HPE и Red Hat обсудят ключевые аспекты развертывания SAP S/4 HANA</p>\n</li>\n<li>\n<p><a href=\"https://app.community.engage.redhat.com/e/er?s=17900033&amp;lid=4742&amp;elqTrackId=f99cc1b468e64ab3b715bd3a73c057d8&amp;elq=2888dba9e99e486fa19a7fca98a23f41&amp;elqaid=780&amp;elqat=1\"><strong>Вебинар «Игровая телеметрия с помощью Kafka Streams», 22 июля</strong></a><br/>\r\n\tНа этом вебинаре вы узнаете, как использовать OpenShift Streams for Apache Kafka и Kafka Streams для анализа телеметрии и событий, передаваемых игровым сервером в реальном времени, на практическом примере, предполагающем участие аудитории.</p>\n</li>\n<li>\n<p><a href=\"https://events.redhat.com/profile/form/index.cfm?PKformID=0x413270abcd\"><strong>Вебинар «Обучение и сертификация для сотрудников Red Hat Learning Subscription», 5 августа</strong></a></p>\n</li>\n</ul>\n<p><img src=\"https://habrastorage.org/r/w1560/getpro/habr/upload_files/928/250/196/9282501961b78d40294a06ee3f02e214.jpeg\"/></p>\n<p>На вебинаре покажем и расскажем:</p>\n<ul>\n<li>\n<p>Полный охват всего продуктового портфолио Red Hat</p>\n</li>\n<li>\n<p>Тренинги, основанные на реальных примерах успешного использования продуктов Red Hat</p>\n</li>\n<li>\n<p>100% performance-based certification testing - сертификационные экзамены на практическое применение знаний и умений</p>\n</li>\n<li>\n<p>Возможность первыми обучаться новейшим продуктам</p>\n</li>\n<li>\n<p>Контент, разработанный совместно с группами поддержки, консалтинга, проектирования и управления продуктом</p>\n</li>\n</ul>\n", "contents_md": "", "editor": "CK", "short_description": "", "publication_date": "2021-07-15T17:06:47.233Z", "created_at": "2021-07-15", "views": 0, "is_draft": false, "is_published": false, "is_moderation_in_progress": true, "is_deleted": false, "hub": 2, "author": 3}}, {"model": "mainapp.article", "pk": "87ee3a23-9b51-444b-81cb-fde50c1b0b7d", "fields": {"title": "WebSecOps: изучаем веб-безопасность", "front_image": "", "contents_ck": "<p><img alt=\"\" src=\"/media/ckeditor/uploads/2021/07/15/1234321.png\" /></p>\r\n\r\n<p>Сегодня веб-приложение &mdash; не просто формальная необходимость, но и способ привлечь к себе внимание клиента. В погоне за ярким, запоминающимся стилем и удобным для пользователя функционалом разработчики часто не задумываются о безопасности.</p>\r\n\r\n<p>Веб-приложения привлекают злоумышленников не меньше, чем заинтересованных клиентов. Сайты стали идеальной мишенью &mdash; доступны 24/7, уследить за действиями всех пользователей сложно, а сами веб-приложения могут содержать уязвимостей больше, чем весь остальной сетевой периметр компании. За примерами далеко ходить не нужно: пример раз, пример два.</p>\r\n\r\n<p>Не спешите радоваться, если ваше веб-приложение еще не скомпрометировали. Возможно, злоумышленник уже готовится к приятной для него (и не очень &mdash; для вас) встрече. Вот только день X может принести компании &laquo;славу&raquo; в виде распространения конфиденциальных данных пользователей и утраченной репутации.</p>\r\n\r\n<p>Почему так происходит?</p>\r\n\r\n<p>ошибки, допущенные во время разработки или развертывания веб-приложения;</p>\r\n\r\n<p>отказ от полноценного тестирования веб-приложения на наличие уязвимостей или недостаток опыта при его проведении;</p>\r\n\r\n<p>пренебрежение средствами защиты и мониторинга для своевременного реагирования на инциденты ИБ.</p>\r\n\r\n<p>И если компания придерживается позиции: &laquo;Да кому мы нужны?&raquo;, то с большой долей вероятности ее инфраструктуру или уже скомпрометировали, или сделают это в скором времени.</p>\r\n\r\n<p>Узнали себя? Это прекрасно. Первый шаг на пути решения проблемы &mdash; признать, что она существует. Ни к чему проходить все стадии принятия неизбежного и терять драгоценное время. Лучше сразу приступить к поиску выхода.</p>\r\n\r\n<p>И у нас он есть &mdash; программа обучения WebSecOps, пополнившая линейку курсов этичного хакинга от Pentestit.</p>\r\n\r\n<p>Что такое WebSecOps?<br />\r\nСпециализация программы подготовки &mdash; разработка безопасных веб-приложений, самостоятельное обнаружение и эксплуатация уязвимостей, а главное &mdash; предотвращение и анализ инцидентов с помощью WAF.</p>\r\n\r\n<p>Приятный бонус &mdash; обучение можно проходить дома, занятия проводятся дистанционно.</p>\r\n\r\n<p>Теории много не бывает, но она составляет всего 20% обучения, остальные 80% &mdash; практика, практика и еще раз практика. Мы подготовились и разработали специальную лабораторию, имитирующую корпоративные веб-ресурсы. Будет сложно, но очень интересно.</p>\r\n\r\n<p>Нужна дополнительная информация? Не знаете, как начать выполнение задания? Куратор ответит на все вопросы и подскажет, что нужно сделать. Готовый ответ он не предоставит, но поможет начать мыслить в правильном направлении, чтобы Вы самостоятельно пришли к решению. А задания, вызвавшие затруднения у большинства участников, куратор разберет на специальных онлайн-трансляциях.</p>\r\n\r\n<p>На кого рассчитана программа подготовки?<br />\r\nWebSecOps подойдет для специалистов в области информационной безопасности, пентестеров, системных администраторов, DevOps-инженеров и всех, кто хочет попробовать себя в роли атакующего и научиться предотвращать появление уязвимостей. Программа подготовки также будет интересна компаниям, планирующим обучение штатного специалиста в области ИБ, для снижения вероятности возникновения подобных инцидентов.</p>\r\n\r\n<p>Программа обучения WebSecOps разработана таким образом, чтобы любой желающий, даже с минимальным уровнем подготовки, смог за 14 дней интенсивного обучения освоить методику поиска и эксплуатации уязвимостей в ручном и автоматическом режиме с использованием различного инструментария, понять природу возникновения уязвимостей и применять накопленные знания в будущем.</p>\r\n\r\n<p>Все счастливые обладатели Nemesida WAF научатся правильно его настраивать, реагировать во время атак на веб-приложение и грамотно проводить анализ инцидентов, чтобы избежать проблем в будущем.</p>\r\n\r\n<p>Что будем изучать?<br />\r\nНачинать обучение всегда стоит с основ, поэтому на первых занятиях мы познакомимся с архитектурой веб-приложений и ее типичными уязвимостями. Разберемся с понятиями front-end и back-end, узнаем об их различиях. Это необходимо для понимания того, как вообще функционирует веб-приложение.</p>\r\n\r\n<p>После этого перейдем к разбору распространенных уязвимостей веб-приложений, таких как SQLi/NoSQLi, XSS, XXE и т. д., разберемся с природой их возникновения, методами обнаружения, эксплуатации и защиты веб-приложения от них.</p>\r\n\r\n<p>Изучим различный инструментарий для автоматизации анализа безопасности веб-приложений. В частности, рассмотрим:</p>\r\n\r\n<p>Burp Suite и OWASP ZAP, предназначенные для анализа взаимодействия браузера пользователя с веб-приложением;</p>\r\n\r\n<p>Различные сканеры уязвимостей веб-приложения и инструменты автоматизации, такие как Nikto, Wapiti, sqlmap, tplmap и т. д.</p>\r\n\r\n<p>Отдельным блоком нашей программы обучения будет знакомство с WAF как со средством защиты веб-приложений. Здесь мы рассмотрим принцип его работы (как WAF защищает веб-приложения, от каких атак можно защититься, какие есть недостатки), проведем сравнение продуктов из бесплатного сегмента (Nemesida WAF Free, ModSecurity и Naxsi). А на примере полноценной версии Nemesida WAF выясним, почему машинное обучение &mdash; это круто, как его правильно настроить для защиты веб-приложения, а также как выявлять и анализировать инциденты, связанные с информационной безопасностью и атаками на веб-приложение.</p>\r\n\r\n<p>С какими заданиями столкнемся в процессе обучения?<br />\r\nСпециально разработанные задания позволят закрепить полученные знания на практике. Вот несколько примеров из того, что может встретиться в процессе обучения:</p>\r\n\r\n<p>Начнем с простого<br />\r\nТеперь посложнее<br />\r\nИ бонусная задача для отработки навыков работы с WAF: для заведомо уязвимого веб-приложения, защищенного WAF, необходимо, изучив его поведение, составить запрос, который позволит обойти защиту и проэксплуатировать уязвимость.</p>\r\n\r\n<p>После окончания обучения специалисты научатся самостоятельно находить и предотвращать актуальные уязвимости, оперативно и грамотно реагировать на обнаружение атаки, а также проводить анализ инцидентов.</p>\r\n\r\n<p>Хотите защитить свой сайт или обучить сотрудников/разработчиков/специалистов ИБ (подчеркните нужное) находить веб-уязвимости и предотвращать атаки? Тогда записывайтесь на обучение и погружайтесь в мир информационной безопасности с Pentestit.</p>", "contents_md": "", "editor": "CK", "short_description": "", "publication_date": "2021-07-15T17:26:08.837Z", "created_at": "2021-07-15", "views": 37, "is_draft": false, "is_published": true, "is_moderation_in_progress": false, "is_deleted": false, "hub": 2, "author": 5}}, {"model": "mainapp.article", "pk": "9af3f6ba-d358-41d5-abea-5a0cf4051762", "fields": {"title": "NortonLifeLock покупает Avast", "front_image": "", "contents_ck": "<p><img src=\"https://habrastorage.org/r/w1560/getpro/habr/upload_files/272/e34/c37/272e34c37826af4b31fff517d4d998bd.jpeg\" /></p>\r\n\r\n<p><em>Компания Avast, главный офис которой находится в Праге, в основном производит бесплатное и премиальное программное обеспечение для обеспечения безопасности, предлагая защиту ПК и мобильных устройств.</em></p>\r\n\r\n<p><em>Фото: David W Cerny/Reuters</em></p>\r\n\r\n<p>NortonLifeLock Inc. ведет переговоры о покупке фирмы Avast Plc, занимающейся кибербезопасностью, в рамках сделки, которая расширит фокус американской компании на потребительское программное обеспечение.</p>\r\n\r\n<p>14 июля 2021 года Avast подтвердил, что действительно обсуждает сделку, после того, как The Wall Street Journal сообщила о переговорах ранее того же дня.</p>\r\n\r\n<p>По словам специалистов в этом вопросе, сделка может быть завершена в июле месяце 2021 года, если переговоры не сорвутся. Рыночная стоимость Avast составляет около 5,2 миллиарда фунтов стерлингов (около 7,2 миллиарда долларов). Если исходить из типичной комиссии за сделку, то в конечном счёте сделка может стоить компании по кибербезопасности более 8 миллиардов долларов.</p>\r\n\r\n<p>Avast заявил, что NortonLifeLock должен до 11 августа 2021 года сделать окончательное предложение в соответствии с британским кодексом поглощения, который устанавливает формальные сроки.</p>\r\n\r\n<p>Avast, который находится в Праге, но проводит торги в Лондоне, в основном производит как бесплатное, так и премиальное программное обеспечение безопасности для потребителей, такое как безопасность ПК и защита серверов и мобильных устройств. Компания заявляет, что у нее 435 миллионов активных пользователей, а ее доход в 2020 году составил примерно 893 миллиона долларов.</p>\r\n\r\n<p>Сделка была бы крупной для NortonLifeLock, базирующейся в Темпе, штат Аризона. При рыночной стоимости в 16 миллиардов долларов компания была известна как Symantec Corp., прежде чем она закрыла сделку на 10,7 миллиардов долларов по продаже своего бизнеса в области корпоративной безопасности Broadcom Inc. в 2019 году. То, что осталось, в основном продает потребителям антивирусное программное обеспечение Norton и продукты LifeLock для защиты от кражи личных данных.</p>\r\n\r\n<p>Несколько лет назад компания стала объектом для поглощения со стороны инвестиционных компаний, но из этого ничего не вышло.</p>\r\n\r\n<p>История Avast началась примерно 30 лет назад, когда основатели Павел Баудиш и Эдуард Кучера основали компанию, тогда известную как Alwil. Учредители контролируют примерно 35% ее акций и входят в ее совет.</p>\r\n\r\n<p>Компания сообщает на своем веб-сайте, что отклонила предложение о ее приобретении от конкурента McAfee в 1997 году, вместо этого предоставив компании лицензию на свое антивирусное программное обеспечение. В 2010 году появилось название Avast и провел первую публичную продажу своих акций (IPO) в Лондоне в 2018 году, собрав 200 миллионов долларов, а рыночная стоимость составила около 3,2 миллиарда долларов. В 2014 году частная инвестиционная компания CVC Capital Partners приобрела значительную миноритарную долю, и на момент IPO ей принадлежало примерно 23% компании.</p>\r\n\r\n<p>Инвестор-активист Starboard Value LP владеет примерно 3% акций NortonLifeLock, согласно FactSet, и занимает место в совете директоров. Впервые компания заняла эту позицию в 2018 году, заявив, что необходимо внести операционные изменения, чтобы улучшить свою рентабельность. В то время бизнес-сегмент составлял около 60% выручки и был хуже, чем потребительский бизнес.</p>\r\n\r\n<p>Программное обеспечение является особенно активным сектором для слияний и поглощений, поскольку компании добавляют больше возможностей к своим предложениям и конкурируют, чтобы стать универсальным магазином для своих клиентов.</p>\r\n\r\n<p>Вопросы безопасности особенно актуальны, поскольку несколько громких нарушений, затрагивающих как потребителей, так и компании, подчеркнули важность адекватной защиты. В начале июля 2021 года Microsoft Corp. согласилась купить RiskIQ, небольшую компанию, основанную в 2009 году, которая помогает компаниям отслеживать их уязвимость перед цифровыми угрозами.</p>\r\n\r\n<p>Взлом Equifax Inc. в 2017 году, в результате которого были обнаружены данные почти 150 миллионов американцев, привлекло внимание к тому, насколько мало у потребителей контроля над своими личными данными и как они передаются. С тех пор непрерывный поток кибератак прервал повседневную жизнь, в том числе в мае 2021 года, когда колониальный трубопровод протяженностью 5500 миль, имеющий решающее значение для энергетической инфраструктуры Восточного побережья США, был временно остановлен его оператором, что привело к нехватке бензина в некоторых местах.</p>", "contents_md": "", "editor": "CK", "short_description": "", "publication_date": "2021-07-15T18:21:47.527Z", "created_at": "2021-07-15", "views": 83, "is_draft": false, "is_published": true, "is_moderation_in_progress": false, "is_deleted": false, "hub": 2, "author": 1}}, {"model": "mainapp.article", "pk": "aa943f7f-13c2-4178-a2bb-06b2f10253d2", "fields": {"title": "Машинное обучение в технической поддержке True Engineering", "front_image": "", "contents_ck": "<p>Уже около года команда поддержки одного из наших высоконагруженных продуктов использует ML-систему нашей собственной разработки – Problem Detection Platform (PDP). Этот сервис умеет анализировать логи и автоматически классифицировать возникающие ошибки. В результате саппорт получает из логов не тонны сырой информации, а данные, с которыми можно быстро и удобно работать.</p>\n<p>Платформа использует машинное обучение, чтобы определять ранние признаки сбоев в логах. В отличие от человека, роботу несложно просмотреть десятки тысяч цепочек логов и найти в них характерные признаки технических сбоев. Обученная модель может использовать накопленный опыт, чтобы таким же образом фиксировать будущие проблемы. По этим данным инженеры смогут принимать решение: завести баг в разработку или пропустить, потому что это типичная ошибка. В результате поддержка избавляется от рутины, её эффективность качественно вырастает.</p>\n<h3>Как это работает</h3>\n<p>Решение состоит из трёх приложений: одно анализирует логи и сохраняет результат анализа в базу, второе раз в сутки обновляет модель, т.е. обеспечивает возможность обучения, третье (консольная утилита) позволяет корректировать результаты для дообучения модели. У инженеров также есть дашборд в Kibana, где можно погрузиться в нужные события.</p>\n<p>Результаты анализа сервис собирает в Excel-таблицу, где можно увидеть общую статистику по возникшим проблемам, разбивку по классам и потенциальной угрозе, динамику в течение дня. Тут же можно увидеть, какие события имеют регулярный характер, а какие случились впервые.</p>\n<p>Датасет для обучения модели собрали так:</p>\n<ol>\n<li>\n<p>Взяли 130 000 логов из системы (это цифра за 5 дней)</p>\n</li>\n<li>\n<p>Выделили скриптом из них порядка 3500 уникальных логов со схожими сообщениями</p>\n</li>\n<li>\n<p>Сгруппировали их в 37 файлов по уровню похожести</p>\n</li>\n<li>\n<p>Заполнили описания, по которым модель относит ошибку к определенному кластеру и определенной группе.</p>\n</li>\n</ol>\n<p><img src=\"https://habrastorage.org/r/w1560/getpro/habr/upload_files/329/c4c/ce9/329c4cce94cec5e33fb92141511523a5.png\"/></p>\n<p><strong>PDP в нашей практике</strong></p>\n<p>В прошлом году с прототипом продукта начала работать команда поддержки нашей высоконагруженной системы продаж. Уже в первые недели благодаря PDP поддержка действительно нашла несколько багов и технических проблем. В том числе, ошибку, которая влияла на критически важный бизнес-процесс.</p>\n<p>В первые месяцы работа была рутинной – нужно было обучить модель. Для этого инженеры в ручном режиме размечали ошибки в поступающих логах. Проработали десятки тысяч логов, чтобы PDP научилась сама определять в них ошибки.</p>\n<p>И со временем результаты стали всё очевиднее. Главное – стало возможно эффективно работать с большим объемом записей в логах. В день сейчас возникает около 58 тыс событий, и в отличие от человека, система читает каждую строчку. Поддержка видит динамику по известным кейсам, быстро замечает неизвестные, новые ошибки.</p>\n<p>Всё это очень ценная информация для поддержки. Например, можно увидеть, что несколько десятков ошибок могут быть серьёзнее тысячи инцидентов. Если последние размазаны по суткам, то проблемы может и не быть, а ошибки носят технический характер. А вот пик из небольшого количества ошибок за короткое время может говорить об угрозе.</p>\n<p>На практике это означает, что команда не узнаёт о проблемах от заказчика или пользователей, а выпускает хотфикс буквально в течение получаса после релиза (реальная цифра).</p>\n<h3>Что планируем дальше</h3>\n<p>На данный момент сервис на стадии прототипа. Конечная цель - сделать настоящий MLOps с автоматическими и непрерывными процессы сбора данных для обучения, дообучения модели, её публикации. Плюс, технологии для обеспечения отказоустойчивости и масштабирования под нагрузками и непрерывного сопровождения во время работы.</p>\n<p>Чтобы сократить ручную работу саппорта и участие специалистов в работе PDP, нужно точнее определять критичность событий и правильно относить его к какому-то из классов. В теории машинного обучения работа по выделению новых признаков называется Feature Engineering. В итоге PDP будет бить тревогу только в тех случаях, когда поддержке действительно стоит обратить внимание на ошибки.</p>\n<p>Ещё одно важное направление – обработка ошибок средней критичности, если их количество начинает резко расти. Иногда плотный поток не самых значимых сбоев говорит о серьёзных проблемах – такие случаи могут не встревожить PDP, но отлавливать их надо. Чтобы реализовать эту качественно новую функцию, в систему добавят дополнительную модель.</p>\n<p>Не забываем и про UX. Сейчас команда поддержки смотрит логи в Kibana, а анализ событий и дообучение модели происходит через Excel. В финальной версии PDP будет единое окно, чтобы посмотреть сводную информацию по ошибкам в том или ином классе, доразметить события, отправить данные для дообучения. Также в планах реализация предикативного ввода, чтобы система подсказывала уже известные проблемы по введённым символам или сообщала, что аналогичная цепочка уже размечалась в прошлом.</p>\n<p>Однако по отзывам поддержки, уже на стадии прототипа PDP свою полезность доказала:</p>\n<p>«Картинка по критичности и частоте возникающих проблем выглядит объективно. Уже в нынешнем виде инструмент стал маст-хэвом на запуск после релизов, благодаря тому, что можно моментально замечать ошибки».</p>\n", "contents_md": "", "editor": "CK", "short_description": "", "publication_date": "2021-07-15T17:09:36.397Z", "created_at": "2021-07-15", "views": 12, "is_draft": false, "is_published": true, "is_moderation_in_progress": false, "is_deleted": false, "hub": 2, "author": 3}}, {"model": "mainapp.article", "pk": "b0cc83e7-1e98-4646-b40e-e1afc1d96bb0", "fields": {"title": "Привет 100 лет", "front_image": "", "contents_ck": "<p>ИТест 1</p>\n", "contents_md": "", "editor": "CK", "short_description": "", "publication_date": "2021-07-15T17:17:57.168Z", "created_at": "2021-07-15", "views": 0, "is_draft": false, "is_published": false, "is_moderation_in_progress": true, "is_deleted": false, "hub": 2, "author": 6}}, {"model": "mainapp.article", "pk": "e13691bb-c259-46bd-9199-f1829105b7eb", "fields": {"title": "О дизайн-системе замолвите слово", "front_image": "", "contents_ck": "<p><img src=\"https://habrastorage.org/r/w1560/getpro/habr/upload_files/210/79d/9eb/21079d9ebeca1ae10531d5b0550ccd49.png\"/></p>\n<p>Практически каждая продуктовая компания рано или поздно приходит к мысли, что неплохо бы перестать раз за разом разрабатывать визуальные компоненты для каждого экрана в отдельности, что нужно подойти к этому вопросу более системно. В частности – сделать свою дизайн-систему. Мы в hh не стали исключением, и в этой статье хотим поделиться нашим собственным опытом разработки дизайн-системы, которая сейчас является общей для двух платформ – Android и iOS.</p>\n<p>Мы поговорим о балансе между хаосом и системой, переиспользовании и дублировании, пройдемся по отношениям между дизайнерами и разработчиками, а также выясним, фронтенд – это только про покраску кнопок или нет?</p>\n<p>Если вам удобнее не читать, а смотреть или слушать, то вы можете посмотреть <a href=\"https://www.youtube.com/watch?v=4YKMM_809oI\"><u>выпуск о дизайн-системе</u></a> в нашем <a href=\"https://www.youtube.com/channel/UCWztYdpQS3v9Gjno8bBZcNA\"><u>видео-блоге “Охэхэнных историй”</u></a>.</p>\n<h3>Зачем мы вообще начали развивать свою дизайн-систему?</h3>\n<p>Продукт берет свое начало из дизайна. Сначала дизайнеры рисуют макеты, а потом разработчики претворяют их желания в жизнь. Мы долго жили без дизайн-системы: дизайнеры делали всё по-своему, разработчики – по-своему, где-то компоненты дублировались, где-то писались с нуля. Из-за этого были несостыковки и в макетах, и в проектах, и в процессах.</p>\n<p>Так что мы решили систематизировать работу. В нашем случае всё началось с обновления довольно крупного куска приложения – создания резюме. В процессе проработки мы поняли, что этот раздел придётся переписывать с нуля, чтобы обеспечить требуемую гибкость. Этот момент и стал поворотным – мы решили, что помимо изменения кода можно пересмотреть свой подход к созданию и описанию UI-компонентов. Таким образом, главными предпосылками для дизайн-системы стали:</p>\n<ul>\n<li>\n<p>переиспользование кода;</p>\n</li>\n<li>\n<p>желание добиться стройности, концептуальной последовательности всех макетов.</p>\n</li>\n</ul>\n<p>Вдохновиться чужим опытом у нас получилось, но переиспользовать чужие наработки целиком мы не могли, потому что у нас свои собственные компоненты и свой собственный дизайн.</p>\n<h2>Принципы дизайн-системы hh</h2>\n<p>Важно понять, что дизайн-система – это не про компоненты в Figma / Sketch / Zeplin / etc и не про свёрстанные вьюхи в коде. Это про набор договорённостей и правил, по которым ваши разработчики взаимодействуют с вашими дизайнерами. Они могут договориться между собой как будут верстаться компоненты, на какие моменты все будут обращать внимание, где находится единый источник правды, и это всё равно будет дизайн-система, если все будут придерживаться принятых ограничений.</p>\n<p>Наша дизайн-система построена на следующих принципах:</p>\n<ol>\n<li>\n<p>каждый компонент в Figma имеет тот же нейминг и логику работы, что и компонент в коде;</p>\n</li>\n<li>\n<p>создание дизайн-системы происходит постепенно: если при отрисовке нового экрана у нас появляется новый компонент – мы его внедряем;</p>\n</li>\n<li>\n<p>все новые макеты мы рисуем только с использованием компонентов дизайн-системы, не используем что-то кастомное;</p>\n</li>\n<li>\n<p>несколько раз думаем, прежде чем внедрить новый компонент.</p>\n</li>\n</ol>\n<p>Все эти принципы делают общение между дизайнерами и разработчиками конструктивным и эффективным, позволяют рисовать универсальные компоненты для обеих платформ.</p>\n<p>При появлении нового компонента мы не переделываем старые экраны сразу, потому что это долго и дорого. Если у вашего продукта высокая скорость изменений, то очень вероятно, что через год новый компонент и так проникнет на все экраны.</p>\n<h2>Как мы живем с синхронизированным дизайном платформ</h2>\n<p>Около трёх лет назад дизайн на Android и iOS значительно отличался: использовались разные флоу, разная навигация, компоненты тоже выглядели по-разному.</p>\n<p>Как оно было?</p>\n<p>Пришла пора перемен. Сначала мы обновили навигацию – она стала везде одинаковой, потом – основные флоу и так далее. Макеты стали практически идентичными: кнопки, input-ы, ячейки списков – всё универсальное.</p>\n<p>Как всё выглядит сейчас?</p>\n<p>Так что теперь стало возможным рисовать один макет с минимальными отличиями – где-то отличаются иконки, может быть, шапка экрана на Android-е выглядит иначе, progress bar-ы. Это позволяет сильно экономить время как дизайнеру, так и команде. Благодаря дизайн-системе каждый знает, где какие компоненты используются и как они себя ведут. Ещё один плюс – при обсуждении макетов можно сосредоточиться именно на сценариях использования, а не на визуальных отличиях двух платформ.</p>\n<p>Из минусов, бывали случаи, когда компоненты одной платформы неожиданно для разработчиков перекочёвывали на другую. Как-то раз наш дизайнер нарисовал компонент,<strong> </strong>принёс его в команду iOS, а это оказался input-компонент из Android.</p>\n<p>Покажи, что за компонент?</p>\n<p>Это нормальная тенденция – платформы сейчас довольно сильно сближаются и постоянно заимствуют друг у друга удачные решения.</p>\n<h3>Дизайн-система в Android-приложениях</h3>\n<p>Для Android-приложений дизайн-система представляет собой один gradle-модуль, который мы подключаем к нужным feature-модулям, которым требуются определённые компоненты дизайн-системы.</p>\n<p>Структура модуля дизайн-системы на Android</p>\n<p>В этом модуле лежит множество xml-файлов – в них организована цветовая палитра, наши стили, иконки, вёрстка компонентов. Мы не разбиваем компоненты на отдельные модули, так нам гораздо проще понять, какие из них уже реализованы, а каких ещё не хватает. Плюс – подключать компоненты становится удобнее.</p>\n<p>Также мы сделали специальный application-модуль с приложением-галереей, чтобы демонстрировать дизайнерам и разработчикам работу с теми или иными компонентами.</p>\n<p>Скриншот из приложения-галереи</p>\n<p>Да-да, дизайн приложения взяли из <a href=\"https://github.com/material-components/material-components-android\"><u>material-components-android</u></a>. Такое приложение удобно как для показа функциональности компонентов, так и для экспериментов с новыми технологиями – hilt, navigation component, jetpack compose, как пример.</p>\n<h2>Дизайн-система в iOS-приложениях</h2>\n<p>Если говорить непосредственно об устройстве дизайн-системы, то здесь тоже один модуль (один Framework), который по необходимости подключается к другим модулям. В framework-е лежат атомы – цвета, стили текста, типы теней. Там же находятся свёрстанные компоненты, которые можно вкладывать друг в друга с помощью специальных контейнеров. Таким образом их удобно комбинировать, и получается почти декларативный стиль при описании UI.</p>\n<p>Структура модуля дизайн-системы в iOS</p>\n<p>Также мы используем <a href=\"https://github.com/almazrafi/Fugen\"><u>Fugen</u></a> – специальный инструмент для генерации части кода для ресурсов из Figma (у Figma <a href=\"https://www.figma.com/developers/api\"><u>есть API</u></a>, через который можно это делать). Разработка и внедрение этого инструмента была не очень дорогой, больше времени потребовалось на коммуникацию: как разобраться с автоматизацией, как дизайнерам подготовить сверстанные Figma-файлы. Сейчас из Figma мы генерируем цвета текстов стиля и отступы: запускаем скрипт, и получаем готовый для использования код. В Android Fugen пока не используют.</p>\n<p>Насколько была оправдана разработка такого инструмента, сложно судить, потому что атомы менялись не так часто, однако есть уверенность, что Fugen нам пригодится, когда мы вплотную займёмся внедрением тёмной темы.</p>\n<h3>Готова ли дизайн-система к Swift UI / Jetpack Compose?</h3>\n<p>Задумываемся ли мы над внедрением современных декларативных фреймворков? Разумеется. Но на разных платформах ситуация отличается.</p>\n<p>В iOS-команде придумали декларативный DSL для компонентов дизайн-системы и описывают весь UI в коде, поэтому никаких препятствий к переходу на <a href=\"https://developer.apple.com/xcode/swiftui/\"><u>Swift UI</u></a> мы не видим. Возможно, через полгода или позже команда сможет перевести приложение на новые рельсы.</p>\n<p>В Android же весь UI верстается в XML, мы не переходили ни на какой из существующих декларативных фреймворков. Поэтому переход на <a href=\"https://developer.android.com/jetpack/compose\"><u>Jetpack Compose</u></a> будет сложнее, придется переписывать систему компонентов, верстать их по-новому. Так что Compose принесет огромный пласт работ, и мы к этому постепенно готовимся: читаем статьи, изучаем codelab-ы, пробуем написать компоненты ДС на Compose-е, ставим звёздочки в нужных issues.</p>\n<h3>Дублируем или переиспользуем?</h3>\n<p>Хорошо, мы сформулировали общие принципы работы с компонентами, но что делать в ситуации, когда общий компонент не подходит в конкретной ситуации? Стоит ли тратить силы и время на дошлифовку?</p>\n<p>Здесь дизайнеры могут сильно помочь разработчикам. Дизайнеры приближены к бизнесу, они знают куда будут развиваться макеты, и знают, какие кусочки и как они собираются переиспользовать. Для разработчиков это означает, что дизайнер может оставить “поле для манёвров”, подготовив нас к будущим изменениям, чтобы мы могли заложить необходимую гибкость при создании компонента.</p>\n<p>Для разработчиков, в первую очередь, важен диалог с дизайнером. Перед тем, как что-то обновлять, нужно обговорить все нюансы: что за компонент нарисован, должен ли он быть общим или кастомным. Тогда работа станет ещё эффективнее.</p>\n<p>Но ничто не даётся просто так. С каждым добавленным компонентом дизайн-система постепенно усложняется. Разумеется, существует и оправданная сложность, когда вы пытаетесь повторить компоненты соседней платформы, сделать API более удобным. Но в погоне за обобщением можно случайно сотворить нерасширяемых монстров с тонной generic-ов.</p>\n<p>Чтобы уменьшить сложность разработки, на обеих платформах мы придерживаемся важного принципа <strong>ограниченности вариантов. </strong>Если вариантов использования одного и того же компонента слишком много, то работа над ним станет бесконечным процессом.</p>\n<p>В некоторых случаях язык программирования может помочь в уменьшении сложности кода. Например, в iOS-команде, для достижения наибольшей переиспользуемости компонентов, пошли по пути создания вкладываемых друг в друга компонентов. Берутся компоненты-контейнеры, в которые можно вставить другие компоненты, в них – третьи и так далее. За счёт этого generic-и растут в геометрической прогрессии, и пользоваться компонентами напрямую становится неудобно. Но решением стали короткие alias-ы, которые и служат для поддержания ограниченности вариантов.</p>\n<p>И это только алиасы для ячеек списков</p>\n<h3>Кто должен драйвить дизайн-систему?</h3>\n<p>Дизайн-система – это продукт синергии разработчиков и дизайнеров. Если дизайнер со своей стороны сделает всё красиво, а разработчики не реализуют это в коде, то такая работа не будет иметь смысла. И точно так же с другой стороны.</p>\n<p>Первый шаг к появлению и развитию дизайн-системы может сделать дизайнер. Он закладывает основы, которые позволяют правильно масштабироваться в дальнейшем. Также, чаще именно дизайнер проявляет инициативу в развитии структуры компонентов.</p>\n<p>Разработчики со своей стороны проявляют инициативу в улучшении существующих компонентов, их шлифовке. Они знают, как сделать компонент удобнее для использования в коде, и иногда подмечают то, что не заметил дизайнер.</p>\n<p>Командная работа в этом процессе очень важна. Без понимания общей картины, без взаимных договорённостей сложно выполнить работу качественно. В нашей команде это понимают, и все готовы на долгие созвоны-обсуждения очередных компонентов для синхронизации их вида на обеих платформах.</p>\n<p>Кнопки обсуждались довольно долго</p>\n<h3>Системное или творческое мышление?</h3>\n<p>Что важнее для дизайнера – системный подход или полёт фантазии? Как и везде, здесь важен баланс. С одной стороны, продуктовому дизайнеру, разрабатывающему дизайн-систему, очень важно иметь системное мышление. Но, с другой стороны, слишком увлёкшись систематизацией, можно забыть про обычных людей, для которых и создаётся продукт. Эстетика тоже важна, поэтому хорошо бы иметь в пару к систематизатору ещё и творческую личность.</p>\n<p>Для разработчиков действуют схожие правила. Важно корректно реализовать компонент, чтобы он правильно выглядел и правильно работал. В то же время необходимо думать о создаваемом компоненте как о продукте для других разработчиков и уделять внимание API компонента, делать его как можно удобнее.</p>\n<h3>(Не)Конфликты в команде</h3>\n<p>Для дизайнера важно быть открытым разработчикам, понимать их боль и осознавать, что от качества предоставленных макетов зависит итоговый результат и качество работы.</p>\n<p>Проблемы в коммуникациях обычно возникают из-за недостаточной прозрачности процессов, как со стороны дизайнера, так и со стороны разработчиков. Дизайнер разработал компонент, но не сказал об этом разработчикам? Проблема. Разработчик реализовал удобное расширение компонента, но дизайнер об этом не знает? Это тоже проблема.</p>\n<p>Со временем, конечно, подобных проблем становится меньше и меньше. Дизайн-система как раз призвана решать многие из них. Ещё одна проблема, в которой вам может помочь дизайн-система, – это непопадание в сроки. Благодаря дизайн-системе у дизайнеров и разработчиков появляется понимание, какие макеты можно реализовать быстро и легко, а какие – сложно и дорого.</p>\n<p>Что касается “дружбы” между платформами: конечно, есть специфические паттерны, которые подходят одной системе и не подходят другой, но есть паттерны, которые удобно использовать в обеих системах. Kotlin, Swift – похожи между собой, поэтому в случае, когда одна из платформ уходит вперёд, всегда можно посмотреть на её реализацию и утащить что-то к себе.</p>\n<h3>Есть ли что-то кроме компонентов?</h3>\n<p>В разных дизайн-системах всё устроено по-разному: где-то лежат только общие цвета, где-то – только UI Kit. В нашей системе мы добавили haptic feedback – это фича, которая углубляет взаимодействие с UI-компонентами. Правда, она больше актуальна для iOS-платформы, на Android с вибрациями не всё так гладко. Дело в том, что на iOS вибрация достаточно мягкая, приятная и привычная пользователю, так как железом занимается один производитель. На Android из-за огромного зоопарка устройств можно такой тактильный отклик пользователю отправить, что у него телефон со стола упадет!</p>\n<p>Haptic feedback в Figma</p>\n<p>Также мы стараемся думать про accessibility. При проектировании кнопок мы учли режим для слабовидящих, чтобы кнопки работали корректно и чётко проговаривали текст.</p>\n<h3>Фронтенд – это про покраску кнопок?</h3>\n<p>Есть две грани разработки фронтенда. Первая – про корректность реализации: ты должен разработать компонент, чтобы он правильно выглядел. Вторая – про удобство этой реализации. Вторая часть – очень сложная: нужно много договариваться, нужно разрабатывать прототипы, нужно проводить демо, считаться с чужим мнением. В процессе приходишь к пониманию. что фронтенд – это не только про покраску кнопок, это ещё и про коммуникации, про умение предчувствовать, насколько будет удобно то, что ты сделаешь. Очень часто возникает ощущение, что в данный момент ты не можешь сделать всё удобно. потому что не до конца понятно, как это всё видят другие разработчики. Иногда компоненту нужно вылежаться в коде, распространиться по кодовой базе, прежде чем поймёшь, как именно надо было его реализовать.</p>\n<p>Но что делать с “неправильно” реализованными компонентами? Исправлять. Но не разом, а постепенно, встраивая задачи в беклог, чтобы не тормозить разработку.</p>\n<p>Дизайн-система – это способ из хаоса создать консистентный опыт.</p>\n<h3>Насколько дорого сделать дизайн-систему?</h3>\n<p>У меня плохие новости – не получится прийти к бизнесу и выпросить несколько месяцев для разработки дизайн-системы. Нужно делать её постепенно, начиная с самых простых вещей: попросить дизайнера систематизировать палитру цветов, шрифтов, базовых стилей. Затем договориться о базовых компонентах, которые будут использоваться в разработке новых фич.</p>\n<p>Также важно договориться о том, как работать с легаси. Можно использовать наш подход – не трогать старые экраны при добавлении новых компонентов, – а можно переделывать всё сразу (но это дороже).</p>\n<p>Дизайн-система не останавливает разработку фич, она инкрементально выращивается в общем потоке работы. Важно придерживаться договорённостей, распространять знания в команде, вовремя предупреждать об изменениях.</p>\n<h3>Что дальше?</h3>\n<p>Мы в hh продолжаем работу над добавлением компонентов, над их синхронизацией между платформами.</p>\n<p>Из дополнительных технических задач мы видим расширение автоматизации рутинных действий, адаптацию декларативных фреймворков, конечно же, добавление тёмной темы. Команда постепенно растёт, поэтому нужно думать не только про написание нового кода, но и про сохранение качества старого.</p>\n<p>А со стороны дизайнеров есть интересная задача по масштабированию дизайн-системы на всю компанию.</p>\n", "contents_md": "", "editor": "CK", "short_description": "", "publication_date": "2021-07-15T16:50:14.066Z", "created_at": "2021-07-15", "views": 19, "is_draft": false, "is_published": true, "is_moderation_in_progress": false, "is_deleted": false, "hub": 1, "author": 1}}, {"model": "mainapp.article", "pk": "e774f6fd-0ec6-4681-8821-ec6508cedab7", "fields": {"title": "Семь стран потребовали от IT-компаний закладывать бэкдоры в шифрование данных", "front_image": "", "contents_ck": "<p><img alt=\"image\" src=\"https://habrastorage.org/r/w1560/getpro/habr/post_images/507/bbd/ca6/507bbdca6785620b1097955d0ff6bd0c.png\" /><sub><span style=\"color:grey\"><em>Фото:&nbsp;<a href=\"http://www.eff.org/\" rel=\"nofollow\" style=\"transition:opacity 0.2s ease-in-out 0s, color 0.2s ease-in-out 0s, text-decoration 0.2s ease-in-out 0s, background-color 0.2s ease-in-out 0s, -webkit-text-decoration 0.2s ease-in-out 0s; background-color:initial; quotes:&quot;«&quot; &quot;»&quot;; color:#548eaa; text-decoration:none\">www.eff.org</a></em></span></sub><br />\r\n<br />\r\n<span style=\"font-size:16px\"><span style=\"color:#111111\"><span style=\"font-family:-apple-system,system-ui,Arial,sans-serif\"><span style=\"background-color:#ffffff\">Представители альянса Five Eyes, в том числе Австралия, Канада, Новая Зеландия, Великобритания и США&nbsp;</span></span></span></span><a href=\"https://www.justice.gov/opa/pr/international-statement-end-end-encryption-and-public-safety\" rel=\"nofollow\" style=\"transition:opacity 0.2s ease-in-out 0s, color 0.2s ease-in-out 0s, text-decoration 0.2s ease-in-out 0s, background-color 0.2s ease-in-out 0s, -webkit-text-decoration 0.2s ease-in-out 0s; background-color:#ffffff; quotes:&quot;«&quot; &quot;»&quot;; color:#548eaa; text-decoration:none; font-family:-apple-system, system-ui, Arial, sans-serif; font-size:16px; font-style:normal; font-variant-ligatures:normal; font-weight:400; text-align:start; white-space:normal\">призвали</a><span style=\"font-size:16px\"><span style=\"color:#111111\"><span style=\"font-family:-apple-system,system-ui,Arial,sans-serif\"><span style=\"background-color:#ffffff\">&nbsp;технологические компании предусматривать лазейки в шифровании данных, чтобы облегчить работу правоохранительным органам и спецслужбам. Требование поддержали также Япония и Индия.</span></span></span></span><a name=\"habracut\"></a><br />\r\n<br />\r\n<span style=\"font-size:16px\"><span style=\"color:#111111\"><span style=\"font-family:-apple-system,system-ui,Arial,sans-serif\"><span style=\"background-color:#ffffff\">Речь идет о сквозном шифровании (end-to-end encryption). Оно позволяет защищать пересылаемый контент посредством ключей, которые находятся в пользовательских устройствах. Таким образом, ни администрация сервиса, ни другие лица не могут получить доступ к переписке.</span></span></span></span><br />\r\n<br />\r\n<span style=\"font-size:16px\"><span style=\"color:#111111\"><span style=\"font-family:-apple-system,system-ui,Arial,sans-serif\"><span style=\"background-color:#ffffff\">Сообщение от имени альянса появилось на сайте министерства юстиции США. В нем компании призывают встроить в системы &laquo;общественную безопасность&raquo;, чтобы правоохранители могли бороться с незаконным контентом и противоправной деятельностью, &laquo;защищая уязвимых&raquo;. Как пример распространения таких данных чиновники приводят детскую порнографию и призывы к терроризму.</span></span></span></span><br />\r\n<br />\r\n<span style=\"font-size:16px\"><span style=\"color:#111111\"><span style=\"font-family:-apple-system,system-ui,Arial,sans-serif\"><span style=\"background-color:#ffffff\">Авторы документа расценивают шифрование как &laquo;жизненно важный якорь доверия в цифровом мире&raquo;, и отмечают, что они &laquo;не поддерживают контрпродуктивные и опасные подходы, которые могут существенно ослабить системы безопасности&raquo;. Доступ к данным предложено открыть &laquo;в читаемом формате, когда он санкционирован по закону, необходим и пропорционален, а также находится под строгим контролем и надзором&raquo;. По словам представителей альянса, компаниям следует начать консультации с правительствами и другими сторонами для разработки методов реализации доступа.</span></span></span></span><br />\r\n<br />\r\n<span style=\"font-size:16px\"><span style=\"color:#111111\"><span style=\"font-family:-apple-system,system-ui,Arial,sans-serif\"><span style=\"background-color:#ffffff\">Аналогичные действия предложили предпринять не только сервисам и соцсетям, но и производителям устройств, специализированных приложений для шифрования и разработчикам криптографии для интегрированных платформ.</span></span></span></span><br />\r\n<br />\r\n<span style=\"font-size:16px\"><span style=\"color:#111111\"><span style=\"font-family:-apple-system,system-ui,Arial,sans-serif\"><span style=\"background-color:#ffffff\">В настоящее время сквозное шифрование используется в WhatsApp и Facebook Messenger, также опция присутствует в Telegram. Альянс фактически просит создавать в шифровании бэкдоры или намеренные уязвимости.</span></span></span></span><br />\r\n<br />\r\n<span style=\"font-size:16px\"><span style=\"color:#111111\"><span style=\"font-family:-apple-system,system-ui,Arial,sans-serif\"><span style=\"background-color:#ffffff\">Австралия еще в 2018 году приняла закон о праве на доступ властей к защищенному шифрованием контенту. Однако в США и Европе аналогичным действиям противодействуют крупные технологические компании.</span></span></span></span><br />\r\n<br />\r\n<span style=\"font-size:16px\"><span style=\"color:#111111\"><span style=\"font-family:-apple-system,system-ui,Arial,sans-serif\"><span style=\"background-color:#ffffff\">В конце 2019 года Facebook&nbsp;</span></span></span></span><a href=\"https://habr.com/ru/news/t/479698/\" style=\"transition:opacity 0.2s ease-in-out 0s, color 0.2s ease-in-out 0s, text-decoration 0.2s ease-in-out 0s, background-color 0.2s ease-in-out 0s, -webkit-text-decoration 0.2s ease-in-out 0s; background-color:#ffffff; quotes:&quot;«&quot; &quot;»&quot;; color:#548eaa; text-decoration:none; font-family:-apple-system, system-ui, Arial, sans-serif; font-size:16px; font-style:normal; font-variant-ligatures:normal; font-weight:400; text-align:start; white-space:normal\">объявил</a><span style=\"font-size:16px\"><span style=\"color:#111111\"><span style=\"font-family:-apple-system,system-ui,Arial,sans-serif\"><span style=\"background-color:#ffffff\">, что не будет давать властям США, Великобритании и Австралии доступ к зашифрованным сообщениям в мессенджерах, так как это ставит под угрозу безопасность пользователей, а данными могут воспользоваться преступники. Этим летом генеральный директор Zoom Эрик Юань&nbsp;</span></span></span></span><a href=\"https://habr.com/ru/news/t/505198/\" style=\"transition:opacity 0.2s ease-in-out 0s, color 0.2s ease-in-out 0s, text-decoration 0.2s ease-in-out 0s, background-color 0.2s ease-in-out 0s, -webkit-text-decoration 0.2s ease-in-out 0s; background-color:#ffffff; quotes:&quot;«&quot; &quot;»&quot;; color:#548eaa; text-decoration:none; font-family:-apple-system, system-ui, Arial, sans-serif; font-size:16px; font-style:normal; font-variant-ligatures:normal; font-weight:400; text-align:start; white-space:normal\">заявил</a><span style=\"font-size:16px\"><span style=\"color:#111111\"><span style=\"font-family:-apple-system,system-ui,Arial,sans-serif\"><span style=\"background-color:#ffffff\">, что сквозное шифрование видеозвонков будет использоваться только в платных тарифах, чтобы сотрудничать с ФБР и местными правоохранительными органами. Но после протестов пользователей Zoom&nbsp;</span></span></span></span><a href=\"https://habr.com/ru/news/t/507216/\" style=\"transition:opacity 0.2s ease-in-out 0s, color 0.2s ease-in-out 0s, text-decoration 0.2s ease-in-out 0s, background-color 0.2s ease-in-out 0s, -webkit-text-decoration 0.2s ease-in-out 0s; background-color:#ffffff; quotes:&quot;«&quot; &quot;»&quot;; color:#548eaa; text-decoration:none; font-family:-apple-system, system-ui, Arial, sans-serif; font-size:16px; font-style:normal; font-variant-ligatures:normal; font-weight:400; text-align:start; white-space:normal\">пообещал</a><span style=\"font-size:16px\"><span style=\"color:#111111\"><span style=\"font-family:-apple-system,system-ui,Arial,sans-serif\"><span style=\"background-color:#ffffff\">&nbsp;обеспечить сквозное шифрование для всех.</span></span></span></span></p>", "contents_md": "", "editor": "CK", "short_description": "", "publication_date": "2021-07-15T17:27:50.133Z", "created_at": "2021-07-15", "views": 0, "is_draft": false, "is_published": false, "is_moderation_in_progress": true, "is_deleted": false, "hub": 2, "author": 3}}, {"model": "ratingsapp.ratingcount", "pk": 1, "fields": {"rate": 1, "users": 2, "content_type": 8, "object_id": "31b2b178-68b6-4d5d-8fb9-1e1fc9b7eb32"}}, {"model": "ratingsapp.ratingcount", "pk": 2, "fields": {"rate": -1, "users": 2, "content_type": 11, "object_id": "1"}}, {"model": "ratingsapp.ratingcount", "pk": 3, "fields": {"rate": 1, "users": 1, "content_type": 11, "object_id": "2"}}, {"model": "ratingsapp.ratingcount", "pk": 4, "fields": {"rate": 1, "users": 4, "content_type": 8, "object_id": "9af3f6ba-d358-41d5-abea-5a0cf4051762"}}, {"model": "ratingsapp.ratingcount", "pk": 5, "fields": {"rate": 1, "users": 4, "content_type": 8, "object_id": "31b2b178-68b6-4d5d-8fb9-1e1fc9b7eb32"}}, {"model": "ratingsapp.ratingcount", "pk": 6, "fields": {"rate": -1, "users": 4, "content_type": 8, "object_id": "e13691bb-c259-46bd-9199-f1829105b7eb"}}, {"model": "ratingsapp.ratingcount", "pk": 7, "fields": {"rate": 1, "users": 3, "content_type": 8, "object_id": "31b2b178-68b6-4d5d-8fb9-1e1fc9b7eb32"}}, {"model": "ratingsapp.ratingcount", "pk": 8, "fields": {"rate": -1, "users": 3, "content_type": 11, "object_id": "5"}}, {"model": "ratingsapp.ratingcount", "pk": 9, "fields": {"rate": 1, "users": 5, "content_type": 8, "object_id": "9af3f6ba-d358-41d5-abea-5a0cf4051762"}}, {"model": "ratingsapp.ratingcount", "pk": 10, "fields": {"rate": 1, "users": 5, "content_type": 11, "object_id": "4"}}, {"model": "ratingsapp.ratingcount", "pk": 11, "fields": {"rate": 1, "users": 1, "content_type": 11, "object_id": "6"}}, {"model": "ratingsapp.ratingcount", "pk": 12, "fields": {"rate": 1, "users": 5, "content_type": 8, "object_id": "e13691bb-c259-46bd-9199-f1829105b7eb"}}, {"model": "ratingsapp.ratingcount", "pk": 13, "fields": {"rate": 1, "users": 5, "content_type": 8, "object_id": "05b72ca3-6e4e-4026-9651-a69e5052625d"}}, {"model": "ratingsapp.ratingcount", "pk": 15, "fields": {"rate": 1, "users": 1, "content_type": 11, "object_id": "7"}}, {"model": "ratingsapp.ratingcount", "pk": 16, "fields": {"rate": -1, "users": 3, "content_type": 8, "object_id": "e13691bb-c259-46bd-9199-f1829105b7eb"}}, {"model": "ratingsapp.ratingcount", "pk": 17, "fields": {"rate": 1, "users": 6, "content_type": 11, "object_id": "6"}}, {"model": "ratingsapp.ratingcount", "pk": 18, "fields": {"rate": -1, "users": 6, "content_type": 11, "object_id": "8"}}, {"model": "ratingsapp.ratingcount", "pk": 19, "fields": {"rate": -1, "users": 6, "content_type": 11, "object_id": "4"}}, {"model": "ratingsapp.ratingcount", "pk": 20, "fields": {"rate": 1, "users": 3, "content_type": 11, "object_id": "8"}}, {"model": "ratingsapp.ratingcount", "pk": 21, "fields": {"rate": -1, "users": 3, "content_type": 8, "object_id": "9af3f6ba-d358-41d5-abea-5a0cf4051762"}}, {"model": "ratingsapp.ratingcount", "pk": 22, "fields": {"rate": -1, "users": 6, "content_type": 11, "object_id": "3"}}, {"model": "ratingsapp.ratingcount", "pk": 23, "fields": {"rate": 1, "users": 6, "content_type": 8, "object_id": "87ee3a23-9b51-444b-81cb-fde50c1b0b7d"}}, {"model": "ratingsapp.ratingcount", "pk": 24, "fields": {"rate": 1, "users": 5, "content_type": 11, "object_id": "17"}}, {"model": "ratingsapp.ratingcount", "pk": 25, "fields": {"rate": -1, "users": 4, "content_type": 11, "object_id": "17"}}, {"model": "ratingsapp.ratingcount", "pk": 26, "fields": {"rate": -1, "users": 5, "content_type": 11, "object_id": "18"}}, {"model": "ratingsapp.ratingcount", "pk": 27, "fields": {"rate": -1, "users": 6, "content_type": 11, "object_id": "18"}}, {"model": "ratingsapp.ratingcount", "pk": 28, "fields": {"rate": 1, "users": 1, "content_type": 11, "object_id": "4"}}, {"model": "ratingsapp.ratingcount", "pk": 29, "fields": {"rate": 1, "users": 1, "content_type": 11, "object_id": "11"}}, {"model": "ratingsapp.ratingcount", "pk": 30, "fields": {"rate": 1, "users": 1, "content_type": 11, "object_id": "13"}}, {"model": "ratingsapp.ratingcount", "pk": 31, "fields": {"rate": 1, "users": 1, "content_type": 11, "object_id": "14"}}, {"model": "ratingsapp.ratingcount", "pk": 32, "fields": {"rate": 1, "users": 1, "content_type": 11, "object_id": "15"}}, {"model": "ratingsapp.ratingcount", "pk": 33, "fields": {"rate": 1, "users": 1, "content_type": 11, "object_id": "12"}}, {"model": "commentsapp.commentsbranch", "pk": 1, "fields": {"rating_id": "b303bb41-cb4e-4ac4-ba35-bb3e5d27be3b", "article": "31b2b178-68b6-4d5d-8fb9-1e1fc9b7eb32", "parent_comment": null, "description": "Тут появляется офигенный комментарий!", "author": 1, "created_at": "2021-07-15T13:14:23.647Z", "hash_view": "pbkdf2_sha256$260000$some_salt$pma104fPGG8k2Hb8QH1iybHtfM3bL+QW/ZsWwRuTNo0=", "is_moderation": false}}, {"model": "commentsapp.commentsbranch", "pk": 2, "fields": {"rating_id": "c1e292ce-d3e6-4713-bf47-d07fc6384395", "article": "31b2b178-68b6-4d5d-8fb9-1e1fc9b7eb32", "parent_comment": 1, "description": "Коммент дрянь! ", "author": 2, "created_at": "2021-07-15T13:35:13.708Z", "hash_view": "pbkdf2_sha256$260000$some_salt$MxnMICqJiU5JZlvmSnS2mrQ4m9QkfSR67ctpLvnwjHc=", "is_moderation": false}}, {"model": "commentsapp.commentsbranch", "pk": 3, "fields": {"rating_id": "371a1363-1a88-4ce5-ac94-3a6d150f4263", "article": "31b2b178-68b6-4d5d-8fb9-1e1fc9b7eb32", "parent_comment": 2, "description": "Не нравится не читай!", "author": 1, "created_at": "2021-07-15T13:36:05.771Z", "hash_view": "pbkdf2_sha256$260000$some_salt$MxnMICqJiU5JZlvmSnS2mrQ4m9QkfSR67ctpLvnwjHc=", "is_moderation": false}}, {"model": "commentsapp.commentsbranch", "pk": 4, "fields": {"rating_id": "2737b976-1de9-4a47-a144-ca8bec27dc18", "article": "9af3f6ba-d358-41d5-abea-5a0cf4051762", "parent_comment": null, "description": "Из дополнительных технических задач мы видим расширение автоматизации рутинных действий, адаптацию декларативных фреймворков, конечно же, добавление тёмной темы. Команда постепенно растёт, поэтому нужно думать не только про написание нового кода, но и про сохранение качества старого.", "author": 4, "created_at": "2021-07-15T16:52:04.226Z", "hash_view": "pbkdf2_sha256$260000$some_salt$pma104fPGG8k2Hb8QH1iybHtfM3bL+QW/ZsWwRuTNo0=", "is_moderation": false}}, {"model": "commentsapp.commentsbranch", "pk": 5, "fields": {"rating_id": "6d842a76-13e0-499b-9407-0f25e8dab3bc", "article": "31b2b178-68b6-4d5d-8fb9-1e1fc9b7eb32", "parent_comment": 3, "description": "Из дополнительных технических задач мы видим расширение автоматизации рутинных действий, адаптацию декларативных фреймворков, конечно же, добавление тёмной темы. Команда постепенно растёт, поэтому нужно думать не только про написание нового кода, но и про сохранение качества старого.", "author": 4, "created_at": "2021-07-15T16:52:26.203Z", "hash_view": "pbkdf2_sha256$260000$some_salt$MxnMICqJiU5JZlvmSnS2mrQ4m9QkfSR67ctpLvnwjHc=", "is_moderation": false}}, {"model": "commentsapp.commentsbranch", "pk": 6, "fields": {"rating_id": "7d2f3528-4fa2-4eec-968c-0ab09c51cbed", "article": "e13691bb-c259-46bd-9199-f1829105b7eb", "parent_comment": null, "description": "Из дополнительных технических задач мы видим расширение автоматизации рутинных действий, адаптацию декларативных фреймворков, конечно же, добавление тёмной темы. Команда постепенно растёт, поэтому нужно думать не только про написание нового кода, но и про сохранение качества старого.", "author": 4, "created_at": "2021-07-15T16:53:01.853Z", "hash_view": "pbkdf2_sha256$260000$some_salt$pma104fPGG8k2Hb8QH1iybHtfM3bL+QW/ZsWwRuTNo0=", "is_moderation": false}}, {"model": "commentsapp.commentsbranch", "pk": 7, "fields": {"rating_id": "553c4df5-58a9-4f68-a4ec-5386c607ca82", "article": "31b2b178-68b6-4d5d-8fb9-1e1fc9b7eb32", "parent_comment": 3, "description": "А че, норм)", "author": 3, "created_at": "2021-07-15T16:54:54.826Z", "hash_view": "pbkdf2_sha256$260000$some_salt$MxnMICqJiU5JZlvmSnS2mrQ4m9QkfSR67ctpLvnwjHc=", "is_moderation": false}}, {"model": "commentsapp.commentsbranch", "pk": 8, "fields": {"rating_id": "8f5fe2a6-d274-4cd6-96eb-cf6665d0cf54", "article": "9af3f6ba-d358-41d5-abea-5a0cf4051762", "parent_comment": 4, "description": "Ничего мы не видим!", "author": 1, "created_at": "2021-07-15T16:58:03.323Z", "hash_view": "pbkdf2_sha256$260000$some_salt$MxnMICqJiU5JZlvmSnS2mrQ4m9QkfSR67ctpLvnwjHc=", "is_moderation": false}}, {"model": "commentsapp.commentsbranch", "pk": 9, "fields": {"rating_id": "3cf37e23-a08e-4e8a-9a42-49c491765e27", "article": "e13691bb-c259-46bd-9199-f1829105b7eb", "parent_comment": 6, "description": "Я вообще не понял че к чему", "author": 3, "created_at": "2021-07-15T16:59:46.312Z", "hash_view": "pbkdf2_sha256$260000$some_salt$MxnMICqJiU5JZlvmSnS2mrQ4m9QkfSR67ctpLvnwjHc=", "is_moderation": false}}, {"model": "commentsapp.commentsbranch", "pk": 10, "fields": {"rating_id": "94a32709-2f60-47c4-83f5-f2ba901e0c51", "article": "e13691bb-c259-46bd-9199-f1829105b7eb", "parent_comment": null, "description": "Eсть две грани разработки фронтенда. Первая – про корректность реализации: ты должен разработать компонент, чтобы он правильно выглядел. Вторая – про удобcтво.\r\n\r\nЗвучит однобоко", "author": 6, "created_at": "2021-07-15T17:03:45.427Z", "hash_view": "pbkdf2_sha256$260000$some_salt$pma104fPGG8k2Hb8QH1iybHtfM3bL+QW/ZsWwRuTNo0=", "is_moderation": false}}, {"model": "commentsapp.commentsbranch", "pk": 11, "fields": {"rating_id": "df92a20f-8dd8-4926-b19e-5c9c9a5e6a88", "article": "9af3f6ba-d358-41d5-abea-5a0cf4051762", "parent_comment": null, "description": "Взлом Equifax Inc. в 2017 году, в результате которого были обнаружены данные почти 150 миллионов американцев, привлекло внимание к тому, насколько мало у потребителей контроля над своими личными данными и как они передаются. С тех пор непрерывный поток кибератак прервал повседневную жизнь, в том числе в мае 2021 года, когда колониальный трубопровод протяженностью 5500 миль, имеющий решающее значение для энергетической инфраструктуры Восточного побережья США, был временно остановлен его оператором, что привело к нехватке бензина в некоторых местах.\r\n\r\n\r\nВот это да. Крутые спецы там поработали.", "author": 6, "created_at": "2021-07-15T17:05:39.259Z", "hash_view": "pbkdf2_sha256$260000$some_salt$pma104fPGG8k2Hb8QH1iybHtfM3bL+QW/ZsWwRuTNo0=", "is_moderation": false}}, {"model": "commentsapp.commentsbranch", "pk": 12, "fields": {"rating_id": "7fa16901-7d93-423c-a4d9-61a470cad081", "article": "31b2b178-68b6-4d5d-8fb9-1e1fc9b7eb32", "parent_comment": 3, "description": "Сам не пиши...", "author": 6, "created_at": "2021-07-15T17:06:28.102Z", "hash_view": "pbkdf2_sha256$260000$some_salt$MxnMICqJiU5JZlvmSnS2mrQ4m9QkfSR67ctpLvnwjHc=", "is_moderation": false}}, {"model": "commentsapp.commentsbranch", "pk": 13, "fields": {"rating_id": "69a2aef2-5585-43d9-b502-a54446f66a09", "article": "9af3f6ba-d358-41d5-abea-5a0cf4051762", "parent_comment": 4, "description": "Классный комментарий", "author": 6, "created_at": "2021-07-15T17:07:11.612Z", "hash_view": "pbkdf2_sha256$260000$some_salt$MxnMICqJiU5JZlvmSnS2mrQ4m9QkfSR67ctpLvnwjHc=", "is_moderation": false}}, {"model": "commentsapp.commentsbranch", "pk": 14, "fields": {"rating_id": "27b51b2c-6c9e-4701-92a1-02143d0a5dd5", "article": "9af3f6ba-d358-41d5-abea-5a0cf4051762", "parent_comment": null, "description": "вывывыфвывфывфы", "author": 6, "created_at": "2021-07-15T17:16:26.461Z", "hash_view": "pbkdf2_sha256$260000$some_salt$pma104fPGG8k2Hb8QH1iybHtfM3bL+QW/ZsWwRuTNo0=", "is_moderation": false}}, {"model": "commentsapp.commentsbranch", "pk": 15, "fields": {"rating_id": "1a812391-cf4d-4fe1-ba9e-a4d7ba5b795d", "article": "9af3f6ba-d358-41d5-abea-5a0cf4051762", "parent_comment": 8, "description": "Все нормально идем", "author": 6, "created_at": "2021-07-15T17:16:49.782Z", "hash_view": "pbkdf2_sha256$260000$some_salt$MxnMICqJiU5JZlvmSnS2mrQ4m9QkfSR67ctpLvnwjHc=", "is_moderation": false}}, {"model": "commentsapp.commentsbranch", "pk": 16, "fields": {"rating_id": "d05b3e14-046b-4c0a-a0eb-c8cdfdf42b84", "article": "87ee3a23-9b51-444b-81cb-fde50c1b0b7d", "parent_comment": null, "description": "Модерация не пройдена", "author": 5, "created_at": "2021-07-15T17:19:39.855Z", "hash_view": "pbkdf2_sha256$260000$some_salt$pma104fPGG8k2Hb8QH1iybHtfM3bL+QW/ZsWwRuTNo0=", "is_moderation": true}}, {"model": "commentsapp.commentsbranch", "pk": 17, "fields": {"rating_id": "7faeb1e2-1166-4929-bc4b-193f1e0e0bcb", "article": "87ee3a23-9b51-444b-81cb-fde50c1b0b7d", "parent_comment": null, "description": "Хорошая статья", "author": 6, "created_at": "2021-07-15T17:23:15.019Z", "hash_view": "pbkdf2_sha256$260000$some_salt$pma104fPGG8k2Hb8QH1iybHtfM3bL+QW/ZsWwRuTNo0=", "is_moderation": false}}, {"model": "commentsapp.commentsbranch", "pk": 18, "fields": {"rating_id": "ad412f50-8ec4-403b-8820-c997962ae568", "article": "87ee3a23-9b51-444b-81cb-fde50c1b0b7d", "parent_comment": 17, "description": "Это моя статья!!!!!!!!!!!", "author": 4, "created_at": "2021-07-15T17:26:48.415Z", "hash_view": "pbkdf2_sha256$260000$some_salt$MxnMICqJiU5JZlvmSnS2mrQ4m9QkfSR67ctpLvnwjHc=", "is_moderation": false}}, {"model": "commentsapp.commentsbranch", "pk": 19, "fields": {"rating_id": "9a1933ba-cbf0-4c57-bb9b-9b7d2bec75bf", "article": "87ee3a23-9b51-444b-81cb-fde50c1b0b7d", "parent_comment": 18, "description": "Харош минусовать!!!", "author": 4, "created_at": "2021-07-15T17:31:19.916Z", "hash_view": "pbkdf2_sha256$260000$some_salt$MxnMICqJiU5JZlvmSnS2mrQ4m9QkfSR67ctpLvnwjHc=", "is_moderation": false}}, {"model": "commentsapp.commentsbranch", "pk": 20, "fields": {"rating_id": "6c6a1e22-0eaf-46e8-abc9-e6b07a3e09f1", "article": "87ee3a23-9b51-444b-81cb-fde50c1b0b7d", "parent_comment": 17, "description": "длждлжэдлэждл", "author": 6, "created_at": "2021-07-15T17:31:27.070Z", "hash_view": "pbkdf2_sha256$260000$some_salt$MxnMICqJiU5JZlvmSnS2mrQ4m9QkfSR67ctpLvnwjHc=", "is_moderation": false}}, {"model": "notifyapp.notification", "pk": 1, "fields": {"sender": 2, "recipient": 1, "message": "Новый комментарий к статье", "created_at": "2021-07-15T13:35:13.902Z", "is_read": true, "object_id": "31b2b178-68b6-4d5d-8fb9-1e1fc9b7eb32", "content_type": 8}}, {"model": "notifyapp.notification", "pk": 2, "fields": {"sender": 1, "recipient": 1, "message": "Статья опубликована", "created_at": "2021-07-15T16:48:07.015Z", "is_read": true, "object_id": "05b72ca3-6e4e-4026-9651-a69e5052625d", "content_type": 8}}, {"model": "notifyapp.notification", "pk": 3, "fields": {"sender": 1, "recipient": 1, "message": "Статья опубликована", "created_at": "2021-07-15T16:49:27.156Z", "is_read": true, "object_id": "9af3f6ba-d358-41d5-abea-5a0cf4051762", "content_type": 8}}, {"model": "notifyapp.notification", "pk": 4, "fields": {"sender": 1, "recipient": 1, "message": "Статья опубликована", "created_at": "2021-07-15T16:50:14.104Z", "is_read": true, "object_id": "e13691bb-c259-46bd-9199-f1829105b7eb", "content_type": 8}}, {"model": "notifyapp.notification", "pk": 5, "fields": {"sender": 1, "recipient": 1, "message": "Статья опубликована", "created_at": "2021-07-15T16:50:57.755Z", "is_read": true, "object_id": "9af3f6ba-d358-41d5-abea-5a0cf4051762", "content_type": 8}}, {"model": "notifyapp.notification", "pk": 6, "fields": {"sender": 4, "recipient": 1, "message": "Новый комментарий к статье", "created_at": "2021-07-15T16:52:04.255Z", "is_read": true, "object_id": "9af3f6ba-d358-41d5-abea-5a0cf4051762", "content_type": 8}}, {"model": "notifyapp.notification", "pk": 7, "fields": {"sender": 4, "recipient": 1, "message": "Новый комментарий к статье", "created_at": "2021-07-15T16:52:26.398Z", "is_read": true, "object_id": "31b2b178-68b6-4d5d-8fb9-1e1fc9b7eb32", "content_type": 8}}, {"model": "notifyapp.notification", "pk": 8, "fields": {"sender": 4, "recipient": 1, "message": "Новый комментарий к статье", "created_at": "2021-07-15T16:53:01.886Z", "is_read": true, "object_id": "e13691bb-c259-46bd-9199-f1829105b7eb", "content_type": 8}}, {"model": "notifyapp.notification", "pk": 9, "fields": {"sender": 3, "recipient": 1, "message": "Новый комментарий к статье", "created_at": "2021-07-15T16:54:55.027Z", "is_read": true, "object_id": "31b2b178-68b6-4d5d-8fb9-1e1fc9b7eb32", "content_type": 8}}, {"model": "notifyapp.notification", "pk": 10, "fields": {"sender": 3, "recipient": 1, "message": "Новый комментарий к статье", "created_at": "2021-07-15T16:59:46.504Z", "is_read": true, "object_id": "e13691bb-c259-46bd-9199-f1829105b7eb", "content_type": 8}}, {"model": "notifyapp.notification", "pk": 11, "fields": {"sender": 6, "recipient": 1, "message": "Новый комментарий к статье", "created_at": "2021-07-15T17:03:45.456Z", "is_read": true, "object_id": "e13691bb-c259-46bd-9199-f1829105b7eb", "content_type": 8}}, {"model": "notifyapp.notification", "pk": 12, "fields": {"sender": 6, "recipient": 1, "message": "Новый комментарий к статье", "created_at": "2021-07-15T17:05:39.294Z", "is_read": true, "object_id": "9af3f6ba-d358-41d5-abea-5a0cf4051762", "content_type": 8}}, {"model": "notifyapp.notification", "pk": 13, "fields": {"sender": 6, "recipient": 1, "message": "Новый комментарий к статье", "created_at": "2021-07-15T17:06:28.324Z", "is_read": true, "object_id": "31b2b178-68b6-4d5d-8fb9-1e1fc9b7eb32", "content_type": 8}}, {"model": "notifyapp.notification", "pk": 14, "fields": {"sender": 6, "recipient": 1, "message": "Новый комментарий к статье", "created_at": "2021-07-15T17:07:11.818Z", "is_read": true, "object_id": "9af3f6ba-d358-41d5-abea-5a0cf4051762", "content_type": 8}}, {"model": "notifyapp.notification", "pk": 15, "fields": {"sender": 1, "recipient": 3, "message": "Статья опубликована", "created_at": "2021-07-15T17:09:33.296Z", "is_read": false, "object_id": "416d6f1c-4db0-4f96-9967-2ff91a6f6928", "content_type": 8}}, {"model": "notifyapp.notification", "pk": 16, "fields": {"sender": 1, "recipient": 3, "message": "Статья опубликована", "created_at": "2021-07-15T17:09:36.448Z", "is_read": false, "object_id": "aa943f7f-13c2-4178-a2bb-06b2f10253d2", "content_type": 8}}, {"model": "notifyapp.notification", "pk": 17, "fields": {"sender": 6, "recipient": 1, "message": "Новый комментарий к статье", "created_at": "2021-07-15T17:16:26.472Z", "is_read": true, "object_id": "9af3f6ba-d358-41d5-abea-5a0cf4051762", "content_type": 8}}, {"model": "notifyapp.notification", "pk": 18, "fields": {"sender": 6, "recipient": 1, "message": "Новый комментарий к статье", "created_at": "2021-07-15T17:16:49.988Z", "is_read": true, "object_id": "9af3f6ba-d358-41d5-abea-5a0cf4051762", "content_type": 8}}, {"model": "notifyapp.notification", "pk": 19, "fields": {"sender": 5, "recipient": 5, "message": "Статья опубликована", "created_at": "2021-07-15T17:21:21.837Z", "is_read": true, "object_id": "87ee3a23-9b51-444b-81cb-fde50c1b0b7d", "content_type": 8}}, {"model": "notifyapp.notification", "pk": 20, "fields": {"sender": 6, "recipient": 5, "message": "Новый комментарий к статье", "created_at": "2021-07-15T17:23:15.049Z", "is_read": true, "object_id": "87ee3a23-9b51-444b-81cb-fde50c1b0b7d", "content_type": 8}}, {"model": "notifyapp.notification", "pk": 21, "fields": {"sender": 5, "recipient": 5, "message": "Статья опубликована", "created_at": "2021-07-15T17:26:08.852Z", "is_read": true, "object_id": "87ee3a23-9b51-444b-81cb-fde50c1b0b7d", "content_type": 8}}, {"model": "notifyapp.notification", "pk": 22, "fields": {"sender": 4, "recipient": 5, "message": "Новый комментарий к статье", "created_at": "2021-07-15T17:26:48.718Z", "is_read": true, "object_id": "87ee3a23-9b51-444b-81cb-fde50c1b0b7d", "content_type": 8}}, {"model": "notifyapp.notification", "pk": 23, "fields": {"sender": 4, "recipient": 5, "message": "Новый комментарий к статье", "created_at": "2021-07-15T17:31:20.176Z", "is_read": true, "object_id": "87ee3a23-9b51-444b-81cb-fde50c1b0b7d", "content_type": 8}}, {"model": "notifyapp.notification", "pk": 24, "fields": {"sender": 6, "recipient": 5, "message": "Новый комментарий к статье", "created_at": "2021-07-15T17:31:27.278Z", "is_read": true, "object_id": "87ee3a23-9b51-444b-81cb-fde50c1b0b7d", "content_type": 8}}, {"model": "notifyapp.notification", "pk": 25, "fields": {"sender": 1, "recipient": 1, "message": "Статья опубликована", "created_at": "2021-07-15T18:21:47.567Z", "is_read": true, "object_id": "9af3f6ba-d358-41d5-abea-5a0cf4051762", "content_type": 8}}]